,spid,sl3bedtime1,sl3bedtime2,sl3bedtime3,sl3morning1,sl3morning2,sl3morning3,bed,mor,duration,midpoint
1,10000771,10,30,1:00 AM,1,30,1:00 AM,10.5,1.5,-9,6
2,10005587,10,0,1:00 AM,4,30,1:00 AM,10,4.5,-5.5,7.25
3,10000600,10,30,1:00 AM,6,0,1:00 AM,10.5,6,-4.5,8.25
4,10006498,9,0,1:00 AM,5,30,1:00 AM,9,5.5,-3.5,7.25
5,10007608,11,0,2:00 PM,7,30,2:00 PM,23,19.5,-3.5,21.25
6,10009846,11,0,2:00 PM,7,30,2:00 PM,23,19.5,-3.5,21.25
7,10003556,10,30,1:00 AM,7,30,1:00 AM,10.5,7.5,-3,9
8,10010287,9,0,2:00 PM,6,0,2:00 PM,21,18,-3,19.5
9,10011317,7,0,1:00 AM,4,0,1:00 AM,7,4,-3,5.5
10,10009977,11,0,1:00 AM,8,10,1:00 AM,11,8.17,-2.83,9.585
11,10009167,9,0,2:00 PM,6,30,2:00 PM,21,18.5,-2.5,19.75
12,10011135,9,30,1:00 AM,7,0,1:00 AM,9.5,7,-2.5,8.25
13,10011484,10,30,1:00 AM,10,0,1:00 AM,10.5,10,-0.5,10.25
14,10000144,6,0,2:00 PM,7,30,2:00 PM,18,19.5,1.5,18.75
15,10001642,4,0,1:00 AM,6,0,1:00 AM,4,6,2,5
16,10003018,2,0,1:00 AM,4,0,1:00 AM,2,4,2,3
17,10006020,12,30,1:00 AM,3,30,1:00 AM,0.5,3.5,3,2
18,10011803,2,0,1:00 AM,5,0,1:00 AM,2,5,3,3.5
19,10002059,1,0,1:00 AM,4,30,1:00 AM,1,4.5,3.5,2.75
20,10000822,12,0,1:00 AM,4,0,1:00 AM,0,4,4,2
21,10001694,10,0,2:00 PM,2,0,1:00 AM,22,2,4,24
22,10001996,1,0,1:00 AM,5,0,1:00 AM,1,5,4,3
23,10007788,10,0,2:00 PM,2,0,1:00 AM,22,2,4,24
24,10008015,1,30,1:00 AM,5,30,1:00 AM,1.5,5.5,4,3.5
25,10009399,3,0,1:00 AM,7,0,1:00 AM,3,7,4,5
26,10011881,2,0,1:00 AM,6,0,1:00 AM,2,6,4,4
27,10001721,2,0,1:00 AM,6,30,1:00 AM,2,6.5,4.5,4.25
28,10003234,10,30,2:00 PM,3,0,1:00 AM,22.5,3,4.5,0.75
29,10005258,11,30,2:00 PM,4,0,1:00 AM,23.5,4,4.5,1.75
30,10006123,3,0,1:00 AM,7,30,1:00 AM,3,7.5,4.5,5.25
31,10010012,12,30,1:00 AM,5,0,1:00 AM,0.5,5,4.5,2.75
32,10011198,1,0,1:00 AM,5,30,1:00 AM,1,5.5,4.5,3.25
33,10011267,1,0,1:00 AM,5,30,1:00 AM,1,5.5,4.5,3.25
34,10003844,11,0,2:00 PM,3,45,1:00 AM,23,3.75,4.75,1.375
35,10000008,1,30,1:00 AM,6,30,1:00 AM,1.5,6.5,5,4
36,10000659,9,0,2:00 PM,2,0,1:00 AM,21,2,5,23.5
37,10000777,11,0,2:00 PM,4,0,1:00 AM,23,4,5,1.5
38,10001029,12,0,1:00 AM,5,0,1:00 AM,0,5,5,2.5
39,10002917,11,0,2:00 PM,4,0,1:00 AM,23,4,5,1.5
40,10003216,1,0,1:00 AM,6,0,1:00 AM,1,6,5,3.5
41,10003818,1,0,1:00 AM,6,0,1:00 AM,1,6,5,3.5
42,10004620,11,30,2:00 PM,4,30,1:00 AM,23.5,4.5,5,2
43,10008341,12,0,1:00 AM,5,0,1:00 AM,0,5,5,2.5
44,10008372,12,0,1:00 AM,5,0,1:00 AM,0,5,5,2.5
45,10008423,3,0,1:00 AM,8,0,1:00 AM,3,8,5,5.5
46,10009685,12,0,1:00 AM,5,0,1:00 AM,0,5,5,2.5
47,10010131,3,30,1:00 AM,8,30,1:00 AM,3.5,8.5,5,6
48,10011946,1,0,1:00 AM,6,0,1:00 AM,1,6,5,3.5
49,10011024,11,0,2:00 PM,4,15,1:00 AM,23,4.25,5.25,1.625
50,10011839,11,30,2:00 PM,4,50,1:00 AM,23.5,4.83,5.33,2.165
51,10000125,12,0,1:00 AM,5,30,1:00 AM,0,5.5,5.5,2.75
52,10002179,11,30,2:00 PM,5,0,1:00 AM,23.5,5,5.5,2.25
53,10003404,1,30,1:00 AM,7,0,1:00 AM,1.5,7,5.5,4.25
54,10005692,2,0,1:00 AM,7,30,1:00 AM,2,7.5,5.5,4.75
55,10007722,12,0,1:00 AM,5,30,1:00 AM,0,5.5,5.5,2.75
56,10009521,10,0,2:00 PM,3,30,1:00 AM,22,3.5,5.5,0.75
57,10009563,12,30,1:00 AM,6,0,1:00 AM,0.5,6,5.5,3.25
58,10012113,12,0,1:00 AM,5,30,1:00 AM,0,5.5,5.5,2.75
59,10012145,2,0,1:00 AM,7,30,1:00 AM,2,7.5,5.5,4.75
60,10002078,11,10,2:00 PM,4,50,1:00 AM,23.17,4.83,5.67,2
61,10002234,12,0,1:00 AM,5,45,1:00 AM,0,5.75,5.75,2.875
62,10006952,11,11,2:00 PM,5,5,1:00 AM,23.18,5.08,5.9,2.135
63,10007079,11,11,2:00 PM,5,5,1:00 AM,23.18,5.08,5.9,2.135
64,10000178,1,0,1:00 AM,7,0,1:00 AM,1,7,6,4
65,10000349,2,0,1:00 AM,8,0,1:00 AM,2,8,6,5
66,10000817,11,0,2:00 PM,5,0,1:00 AM,23,5,6,2
67,10001047,11,0,2:00 PM,5,0,1:00 AM,23,5,6,2
68,10001088,9,0,2:00 PM,3,0,1:00 AM,21,3,6,24
69,10001371,12,0,1:00 AM,6,0,1:00 AM,0,6,6,3
70,10002181,12,0,1:00 AM,6,0,1:00 AM,0,6,6,3
71,10002343,1,30,1:00 AM,7,30,1:00 AM,1.5,7.5,6,4.5
72,10002617,11,0,2:00 PM,5,0,1:00 AM,23,5,6,2
73,10003247,11,0,2:00 PM,5,0,1:00 AM,23,5,6,2
74,10003594,2,0,1:00 AM,8,0,1:00 AM,2,8,6,5
75,10004058,12,0,1:00 AM,6,0,1:00 AM,0,6,6,3
76,10004249,10,0,2:00 PM,4,0,1:00 AM,22,4,6,1
77,10004303,12,0,2:00 PM,6,0,1:00 AM,24,6,6,3
78,10004865,10,30,2:00 PM,4,30,1:00 AM,22.5,4.5,6,1.5
79,10005172,12,0,2:00 PM,6,0,1:00 AM,24,6,6,3
80,10005320,10,0,2:00 PM,4,0,1:00 AM,22,4,6,1
81,10005532,1,0,1:00 AM,7,0,1:00 AM,1,7,6,4
82,10005694,1,0,1:00 AM,7,0,1:00 AM,1,7,6,4
83,10006438,11,0,2:00 PM,5,0,1:00 AM,23,5,6,2
84,10006485,1,0,1:00 AM,7,0,1:00 AM,1,7,6,4
85,10006569,12,0,1:00 AM,6,0,1:00 AM,0,6,6,3
86,10007203,12,0,1:00 AM,6,0,1:00 AM,0,6,6,3
87,10007585,11,30,2:00 PM,5,30,1:00 AM,23.5,5.5,6,2.5
88,10007805,11,0,2:00 PM,5,0,1:00 AM,23,5,6,2
89,10008184,9,0,2:00 PM,3,0,1:00 AM,21,3,6,24
90,10008368,11,30,2:00 PM,5,30,1:00 AM,23.5,5.5,6,2.5
91,10008570,11,30,2:00 PM,5,30,1:00 AM,23.5,5.5,6,2.5
92,10009023,11,0,2:00 PM,5,0,1:00 AM,23,5,6,2
93,10009322,11,30,2:00 PM,5,30,1:00 AM,23.5,5.5,6,2.5
94,10009686,12,0,1:00 AM,6,0,1:00 AM,0,6,6,3
95,10009778,12,0,1:00 AM,6,0,1:00 AM,0,6,6,3
96,10010057,11,0,2:00 PM,5,0,1:00 AM,23,5,6,2
97,10010558,1,0,1:00 AM,7,0,1:00 AM,1,7,6,4
98,10010641,11,0,2:00 PM,5,0,1:00 AM,23,5,6,2
99,10010651,1,0,1:00 AM,7,0,1:00 AM,1,7,6,4
100,10010755,12,0,1:00 AM,6,0,1:00 AM,0,6,6,3
101,10011514,12,0,1:00 AM,6,0,1:00 AM,0,6,6,3
102,10011605,10,0,2:00 PM,4,0,1:00 AM,22,4,6,1
103,10011710,11,30,2:00 PM,5,30,1:00 AM,23.5,5.5,6,2.5
104,10011951,2,0,1:00 AM,8,0,1:00 AM,2,8,6,5
105,10012070,11,0,2:00 PM,5,0,1:00 AM,23,5,6,2
106,10005784,11,11,2:00 PM,5,15,1:00 AM,23.18,5.25,6.07,2.215
107,10000338,11,15,2:00 PM,5,30,1:00 AM,23.25,5.5,6.25,2.375
108,10006084,11,45,2:00 PM,6,0,1:00 AM,23.75,6,6.25,2.875
109,10000837,11,11,2:00 PM,5,30,1:00 AM,23.18,5.5,6.32,2.34
110,10000036,11,30,2:00 PM,6,0,1:00 AM,23.5,6,6.5,2.75
111,10000088,9,30,2:00 PM,4,0,1:00 AM,21.5,4,6.5,0.75
112,10000383,11,30,2:00 PM,6,0,1:00 AM,23.5,6,6.5,2.75
113,10001454,10,30,2:00 PM,5,0,1:00 AM,22.5,5,6.5,1.75
114,10001657,11,30,2:00 PM,6,0,1:00 AM,23.5,6,6.5,2.75
115,10002133,12,0,1:00 AM,6,30,1:00 AM,0,6.5,6.5,3.25
116,10002320,12,30,1:00 AM,7,0,1:00 AM,0.5,7,6.5,3.75
117,10002436,10,30,2:00 PM,5,0,1:00 AM,22.5,5,6.5,1.75
118,10002453,11,0,2:00 PM,5,30,1:00 AM,23,5.5,6.5,2.25
119,10003584,12,30,1:00 AM,7,0,1:00 AM,0.5,7,6.5,3.75
120,10003595,11,0,2:00 PM,5,30,1:00 AM,23,5.5,6.5,2.25
121,10003642,12,0,2:00 PM,6,30,1:00 AM,24,6.5,6.5,3.25
122,10003975,10,0,2:00 PM,4,30,1:00 AM,22,4.5,6.5,1.25
123,10004621,11,30,2:00 PM,6,0,1:00 AM,23.5,6,6.5,2.75
124,10004829,2,30,1:00 AM,9,0,1:00 AM,2.5,9,6.5,5.75
125,10004885,11,30,2:00 PM,6,0,1:00 AM,23.5,6,6.5,2.75
126,10005022,12,0,2:00 PM,6,30,1:00 AM,24,6.5,6.5,3.25
127,10005210,12,0,1:00 AM,6,30,1:00 AM,0,6.5,6.5,3.25
128,10005902,11,30,2:00 PM,6,0,1:00 AM,23.5,6,6.5,2.75
129,10005927,11,30,2:00 PM,6,0,1:00 AM,23.5,6,6.5,2.75
130,10006620,12,30,2:00 PM,7,0,1:00 AM,24.5,7,6.5,3.75
131,10006988,12,0,1:00 AM,6,30,1:00 AM,0,6.5,6.5,3.25
132,10007396,12,30,1:00 AM,7,0,1:00 AM,0.5,7,6.5,3.75
133,10008235,10,30,2:00 PM,5,0,1:00 AM,22.5,5,6.5,1.75
134,10008349,3,0,1:00 AM,9,30,1:00 AM,3,9.5,6.5,6.25
135,10008373,10,30,2:00 PM,5,0,1:00 AM,22.5,5,6.5,1.75
136,10010544,1,0,1:00 AM,7,30,1:00 AM,1,7.5,6.5,4.25
137,10010766,11,30,2:00 PM,6,0,1:00 AM,23.5,6,6.5,2.75
138,10010771,11,30,2:00 PM,6,0,1:00 AM,23.5,6,6.5,2.75
139,10010865,1,0,1:00 AM,7,30,1:00 AM,1,7.5,6.5,4.25
140,10011014,10,0,2:00 PM,4,30,1:00 AM,22,4.5,6.5,1.25
141,10011547,10,0,2:00 PM,4,30,1:00 AM,22,4.5,6.5,1.25
142,10011678,11,0,2:00 PM,5,30,1:00 AM,23,5.5,6.5,2.25
143,10011855,12,30,1:00 AM,7,0,1:00 AM,0.5,7,6.5,3.75
144,10011943,11,0,2:00 PM,5,30,1:00 AM,23,5.5,6.5,2.25
145,10012340,11,30,2:00 PM,6,0,1:00 AM,23.5,6,6.5,2.75
146,10002367,12,0,1:00 AM,6,45,1:00 AM,0,6.75,6.75,3.375
147,10007838,10,0,2:00 PM,4,45,1:00 AM,22,4.75,6.75,1.375
148,10002190,11,11,2:00 PM,6,0,1:00 AM,23.18,6,6.82,2.59
149,10000177,11,30,2:00 PM,6,30,1:00 AM,23.5,6.5,7,3
150,10000376,11,0,2:00 PM,6,0,1:00 AM,23,6,7,2.5
151,10000403,10,30,2:00 PM,5,30,1:00 AM,22.5,5.5,7,2
152,10000465,11,0,2:00 PM,6,0,1:00 AM,23,6,7,2.5
153,10000684,9,0,2:00 PM,4,0,1:00 AM,21,4,7,0.5
154,10000754,10,0,2:00 PM,5,0,1:00 AM,22,5,7,1.5
155,10000847,11,0,2:00 PM,6,0,1:00 AM,23,6,7,2.5
156,10000870,11,0,2:00 PM,6,0,1:00 AM,23,6,7,2.5
157,10000934,1,30,1:00 AM,8,30,1:00 AM,1.5,8.5,7,5
158,10000983,10,0,2:00 PM,5,0,1:00 AM,22,5,7,1.5
159,10001077,10,0,2:00 PM,5,0,1:00 AM,22,5,7,1.5
160,10001726,10,0,2:00 PM,5,0,1:00 AM,22,5,7,1.5
161,10001869,4,0,1:00 AM,11,0,1:00 AM,4,11,7,7.5
162,10001928,11,0,2:00 PM,6,0,1:00 AM,23,6,7,2.5
163,10002103,11,0,2:00 PM,6,0,1:00 AM,23,6,7,2.5
164,10002316,10,0,2:00 PM,5,0,1:00 AM,22,5,7,1.5
165,10002487,12,59,1:00 AM,7,59,1:00 AM,0.98,7.98,7,4.485
166,10002533,10,0,2:00 PM,5,0,1:00 AM,22,5,7,1.5
167,10002806,10,30,2:00 PM,5,30,1:00 AM,22.5,5.5,7,2
168,10002891,11,0,2:00 PM,6,0,1:00 AM,23,6,7,2.5
169,10003054,10,30,2:00 PM,5,30,1:00 AM,22.5,5.5,7,2
170,10003066,11,0,2:00 PM,6,0,1:00 AM,23,6,7,2.5
171,10003165,12,0,1:00 AM,7,0,1:00 AM,0,7,7,3.5
172,10003206,11,30,2:00 PM,6,30,1:00 AM,23.5,6.5,7,3
173,10003402,10,0,2:00 PM,5,0,1:00 AM,22,5,7,1.5
174,10003722,12,0,1:00 AM,7,0,1:00 AM,0,7,7,3.5
175,10003729,11,0,2:00 PM,6,0,1:00 AM,23,6,7,2.5
176,10003766,10,0,2:00 PM,5,0,1:00 AM,22,5,7,1.5
177,10003998,11,0,2:00 PM,6,0,1:00 AM,23,6,7,2.5
178,10004038,11,30,2:00 PM,6,30,1:00 AM,23.5,6.5,7,3
179,10004048,11,0,2:00 PM,6,0,1:00 AM,23,6,7,2.5
180,10004169,9,30,2:00 PM,4,30,1:00 AM,21.5,4.5,7,1
181,10004259,10,0,2:00 PM,5,0,1:00 AM,22,5,7,1.5
182,10004360,10,30,2:00 PM,5,30,1:00 AM,22.5,5.5,7,2
183,10004430,9,30,2:00 PM,4,30,1:00 AM,21.5,4.5,7,1
184,10004507,8,30,2:00 PM,3,30,1:00 AM,20.5,3.5,7,24
185,10004526,11,0,2:00 PM,6,0,1:00 AM,23,6,7,2.5
186,10004591,10,30,2:00 PM,5,30,1:00 AM,22.5,5.5,7,2
187,10004599,11,45,2:00 PM,6,45,1:00 AM,23.75,6.75,7,3.25
188,10004703,10,0,2:00 PM,5,0,1:00 AM,22,5,7,1.5
189,10004719,10,0,2:00 PM,5,0,1:00 AM,22,5,7,1.5
190,10004737,1,0,1:00 AM,8,0,1:00 AM,1,8,7,4.5
191,10004837,11,0,2:00 PM,6,0,1:00 AM,23,6,7,2.5
192,10005206,11,0,2:00 PM,6,0,1:00 AM,23,6,7,2.5
193,10005419,11,0,2:00 PM,6,0,1:00 AM,23,6,7,2.5
194,10005462,2,0,1:00 AM,9,0,1:00 AM,2,9,7,5.5
195,10005468,11,30,2:00 PM,6,30,1:00 AM,23.5,6.5,7,3
196,10005577,11,59,2:00 PM,6,59,1:00 AM,23.98,6.98,7,3.485
197,10005654,1,0,1:00 AM,8,0,1:00 AM,1,8,7,4.5
198,10005759,10,30,2:00 PM,5,30,1:00 AM,22.5,5.5,7,2
199,10005837,1,0,1:00 AM,8,0,1:00 AM,1,8,7,4.5
200,10005871,11,0,2:00 PM,6,0,1:00 AM,23,6,7,2.5
201,10006167,11,30,2:00 PM,6,30,1:00 AM,23.5,6.5,7,3
202,10006285,11,0,2:00 PM,6,0,1:00 AM,23,6,7,2.5
203,10006571,10,0,2:00 PM,5,0,1:00 AM,22,5,7,1.5
204,10006642,10,0,2:00 PM,5,0,1:00 AM,22,5,7,1.5
205,10006679,11,30,2:00 PM,6,30,1:00 AM,23.5,6.5,7,3
206,10006751,10,30,2:00 PM,5,30,1:00 AM,22.5,5.5,7,2
207,10006760,1,0,1:00 AM,8,0,1:00 AM,1,8,7,4.5
208,10006860,10,30,2:00 PM,5,30,1:00 AM,22.5,5.5,7,2
209,10007018,9,0,2:00 PM,4,0,1:00 AM,21,4,7,0.5
210,10007177,5,30,1:00 AM,12,30,1:00 AM,5.5,12.5,7,9
211,10007263,11,0,2:00 PM,6,0,1:00 AM,23,6,7,2.5
212,10007466,12,0,1:00 AM,7,0,1:00 AM,0,7,7,3.5
213,10007474,10,0,2:00 PM,5,0,1:00 AM,22,5,7,1.5
214,10007623,11,30,2:00 PM,6,30,1:00 AM,23.5,6.5,7,3
215,10007648,12,0,1:00 AM,7,0,1:00 AM,0,7,7,3.5
216,10007786,9,30,2:00 PM,4,30,1:00 AM,21.5,4.5,7,1
217,10007995,12,0,1:00 AM,7,0,1:00 AM,0,7,7,3.5
218,10008091,1,0,1:00 AM,8,0,1:00 AM,1,8,7,4.5
219,10008135,11,0,2:00 PM,6,0,1:00 AM,23,6,7,2.5
220,10008257,10,30,2:00 PM,5,30,1:00 AM,22.5,5.5,7,2
221,10008580,11,0,2:00 PM,6,0,1:00 AM,23,6,7,2.5
222,10008911,11,0,2:00 PM,6,0,1:00 AM,23,6,7,2.5
223,10009013,1,0,1:00 AM,8,0,1:00 AM,1,8,7,4.5
224,10009070,11,0,2:00 PM,6,0,1:00 AM,23,6,7,2.5
225,10009199,10,0,2:00 PM,5,0,1:00 AM,22,5,7,1.5
226,10009561,9,30,2:00 PM,4,30,1:00 AM,21.5,4.5,7,1
227,10009737,10,0,2:00 PM,5,0,1:00 AM,22,5,7,1.5
228,10009853,11,0,2:00 PM,6,0,1:00 AM,23,6,7,2.5
229,10010160,11,0,2:00 PM,6,0,1:00 AM,23,6,7,2.5
230,10010275,11,30,2:00 PM,6,30,1:00 AM,23.5,6.5,7,3
231,10010348,9,0,2:00 PM,4,0,1:00 AM,21,4,7,0.5
232,10010441,11,0,2:00 PM,6,0,1:00 AM,23,6,7,2.5
233,10010557,11,30,2:00 PM,6,30,1:00 AM,23.5,6.5,7,3
234,10010663,11,0,2:00 PM,6,0,1:00 AM,23,6,7,2.5
235,10010744,11,0,2:00 PM,6,0,1:00 AM,23,6,7,2.5
236,10010979,10,0,2:00 PM,5,0,1:00 AM,22,5,7,1.5
237,10011141,9,30,2:00 PM,4,30,1:00 AM,21.5,4.5,7,1
238,10011339,1,0,1:00 AM,8,0,1:00 AM,1,8,7,4.5
239,10011694,11,0,2:00 PM,6,0,1:00 AM,23,6,7,2.5
240,10011752,12,0,1:00 AM,7,0,1:00 AM,0,7,7,3.5
241,10011921,2,0,1:00 AM,9,0,1:00 AM,2,9,7,5.5
242,10012016,1,0,1:00 AM,8,0,1:00 AM,1,8,7,4.5
243,10012036,11,0,2:00 PM,6,0,1:00 AM,23,6,7,2.5
244,10012037,11,0,2:00 PM,6,0,1:00 AM,23,6,7,2.5
245,10012118,9,0,2:00 PM,4,0,1:00 AM,21,4,7,0.5
246,10012142,11,0,2:00 PM,6,0,1:00 AM,23,6,7,2.5
247,10012167,11,0,2:00 PM,6,0,1:00 AM,23,6,7,2.5
248,10012203,11,0,2:00 PM,6,0,1:00 AM,23,6,7,2.5
249,10012292,11,0,2:00 PM,6,0,1:00 AM,23,6,7,2.5
250,10012406,12,30,1:00 AM,7,30,1:00 AM,0.5,7.5,7,4
251,10005349,1,1,1:00 AM,8,8,1:00 AM,1.02,8.13,7.12,4.575
252,10010805,1,1,1:00 AM,8,8,1:00 AM,1.02,8.13,7.12,4.575
253,10010588,10,20,2:00 PM,5,30,1:00 AM,22.33,5.5,7.17,1.915
254,10003021,9,0,2:00 PM,4,14,1:00 AM,21,4.23,7.23,0.615
255,10000778,10,45,2:00 PM,6,0,1:00 AM,22.75,6,7.25,2.375
256,10004485,9,0,2:00 PM,4,15,1:00 AM,21,4.25,7.25,0.625
257,10005386,9,0,2:00 PM,4,15,1:00 AM,21,4.25,7.25,0.625
258,10009033,10,0,2:00 PM,5,15,1:00 AM,22,5.25,7.25,1.625
259,10009796,11,0,2:00 PM,6,15,1:00 AM,23,6.25,7.25,2.625
260,10010133,12,0,1:00 AM,7,15,1:00 AM,0,7.25,7.25,3.625
261,10012341,10,30,2:00 PM,5,45,1:00 AM,22.5,5.75,7.25,2.125
262,10001720,12,12,2:00 PM,7,30,1:00 AM,24.2,7.5,7.3,3.85
263,10008896,11,10,2:00 PM,6,30,1:00 AM,23.17,6.5,7.33,2.835
264,10012176,12,1,1:00 AM,7,30,1:00 AM,0.02,7.5,7.48,3.76
265,10000104,10,30,2:00 PM,6,0,1:00 AM,22.5,6,7.5,2.25
266,10000249,11,0,2:00 PM,6,30,1:00 AM,23,6.5,7.5,2.75
267,10000306,10,30,2:00 PM,6,0,1:00 AM,22.5,6,7.5,2.25
268,10000354,10,30,2:00 PM,6,0,1:00 AM,22.5,6,7.5,2.25
269,10000439,11,30,2:00 PM,7,0,1:00 AM,23.5,7,7.5,3.25
270,10000540,1,0,1:00 AM,8,30,1:00 AM,1,8.5,7.5,4.75
271,10000899,12,0,2:00 PM,7,30,1:00 AM,24,7.5,7.5,3.75
272,10001378,10,30,2:00 PM,6,0,1:00 AM,22.5,6,7.5,2.25
273,10001402,10,30,2:00 PM,6,0,1:00 AM,22.5,6,7.5,2.25
274,10001461,11,0,2:00 PM,6,30,1:00 AM,23,6.5,7.5,2.75
275,10001528,10,0,2:00 PM,5,30,1:00 AM,22,5.5,7.5,1.75
276,10001549,10,0,2:00 PM,5,30,1:00 AM,22,5.5,7.5,1.75
277,10001582,11,30,2:00 PM,7,0,1:00 AM,23.5,7,7.5,3.25
278,10001699,10,30,2:00 PM,6,0,1:00 AM,22.5,6,7.5,2.25
279,10001708,10,30,2:00 PM,6,0,1:00 AM,22.5,6,7.5,2.25
280,10001762,1,0,1:00 AM,8,30,1:00 AM,1,8.5,7.5,4.75
281,10001847,10,0,2:00 PM,5,30,1:00 AM,22,5.5,7.5,1.75
282,10001874,7,0,2:00 PM,2,30,1:00 AM,19,2.5,7.5,22.75
283,10001892,9,30,2:00 PM,5,0,1:00 AM,21.5,5,7.5,1.25
284,10001896,9,30,2:00 PM,5,0,1:00 AM,21.5,5,7.5,1.25
285,10001999,10,0,2:00 PM,5,30,1:00 AM,22,5.5,7.5,1.75
286,10002088,10,0,2:00 PM,5,30,1:00 AM,22,5.5,7.5,1.75
287,10002411,10,0,2:00 PM,5,30,1:00 AM,22,5.5,7.5,1.75
288,10002866,10,0,2:00 PM,5,30,1:00 AM,22,5.5,7.5,1.75
289,10003089,12,0,1:00 AM,7,30,1:00 AM,0,7.5,7.5,3.75
290,10003204,11,0,2:00 PM,6,30,1:00 AM,23,6.5,7.5,2.75
291,10003213,11,0,2:00 PM,6,30,1:00 AM,23,6.5,7.5,2.75
292,10003271,12,0,1:00 AM,7,30,1:00 AM,0,7.5,7.5,3.75
293,10003322,10,30,2:00 PM,6,0,1:00 AM,22.5,6,7.5,2.25
294,10003430,10,0,2:00 PM,5,30,1:00 AM,22,5.5,7.5,1.75
295,10003484,11,0,2:00 PM,6,30,1:00 AM,23,6.5,7.5,2.75
296,10003679,2,0,1:00 AM,9,30,1:00 AM,2,9.5,7.5,5.75
297,10003696,11,30,2:00 PM,7,0,1:00 AM,23.5,7,7.5,3.25
298,10003699,12,0,1:00 AM,7,30,1:00 AM,0,7.5,7.5,3.75
299,10003880,11,0,2:00 PM,6,30,1:00 AM,23,6.5,7.5,2.75
300,10003952,11,0,2:00 PM,6,30,1:00 AM,23,6.5,7.5,2.75
301,10003957,10,30,2:00 PM,6,0,1:00 AM,22.5,6,7.5,2.25
302,10003977,10,0,2:00 PM,5,30,1:00 AM,22,5.5,7.5,1.75
303,10004060,9,30,2:00 PM,5,0,1:00 AM,21.5,5,7.5,1.25
304,10004092,11,30,2:00 PM,7,0,1:00 AM,23.5,7,7.5,3.25
305,10004096,12,0,1:00 AM,7,30,1:00 AM,0,7.5,7.5,3.75
306,10004211,11,30,2:00 PM,7,0,1:00 AM,23.5,7,7.5,3.25
307,10004229,10,30,2:00 PM,6,0,1:00 AM,22.5,6,7.5,2.25
308,10004288,11,30,2:00 PM,7,0,1:00 AM,23.5,7,7.5,3.25
309,10004334,11,0,2:00 PM,6,30,1:00 AM,23,6.5,7.5,2.75
310,10004477,10,30,2:00 PM,6,0,1:00 AM,22.5,6,7.5,2.25
311,10004789,11,30,2:00 PM,7,0,1:00 AM,23.5,7,7.5,3.25
312,10004802,11,30,2:00 PM,7,0,1:00 AM,23.5,7,7.5,3.25
313,10004817,10,30,2:00 PM,6,0,1:00 AM,22.5,6,7.5,2.25
314,10004875,10,0,2:00 PM,5,30,1:00 AM,22,5.5,7.5,1.75
315,10004941,11,0,2:00 PM,6,30,1:00 AM,23,6.5,7.5,2.75
316,10005282,11,0,2:00 PM,6,30,1:00 AM,23,6.5,7.5,2.75
317,10005669,11,30,2:00 PM,7,0,1:00 AM,23.5,7,7.5,3.25
318,10005798,10,0,2:00 PM,5,30,1:00 AM,22,5.5,7.5,1.75
319,10005814,12,0,1:00 AM,7,30,1:00 AM,0,7.5,7.5,3.75
320,10005864,1,0,1:00 AM,8,30,1:00 AM,1,8.5,7.5,4.75
321,10006002,9,0,2:00 PM,4,30,1:00 AM,21,4.5,7.5,0.75
322,10006083,12,0,1:00 AM,7,30,1:00 AM,0,7.5,7.5,3.75
323,10006188,9,30,2:00 PM,5,0,1:00 AM,21.5,5,7.5,1.25
324,10006209,12,0,1:00 AM,7,30,1:00 AM,0,7.5,7.5,3.75
325,10006323,11,0,2:00 PM,6,30,1:00 AM,23,6.5,7.5,2.75
326,10006351,11,0,2:00 PM,6,30,1:00 AM,23,6.5,7.5,2.75
327,10006396,10,30,2:00 PM,6,0,1:00 AM,22.5,6,7.5,2.25
328,10006463,11,0,2:00 PM,6,30,1:00 AM,23,6.5,7.5,2.75
329,10006465,10,0,2:00 PM,5,30,1:00 AM,22,5.5,7.5,1.75
330,10006472,2,30,1:00 AM,10,0,1:00 AM,2.5,10,7.5,6.25
331,10006669,1,30,1:00 AM,9,0,1:00 AM,1.5,9,7.5,5.25
332,10006762,11,30,2:00 PM,7,0,1:00 AM,23.5,7,7.5,3.25
333,10006769,11,0,2:00 PM,6,30,1:00 AM,23,6.5,7.5,2.75
334,10006770,11,30,2:00 PM,7,0,1:00 AM,23.5,7,7.5,3.25
335,10006774,8,30,2:00 PM,4,0,1:00 AM,20.5,4,7.5,0.25
336,10006931,10,0,2:00 PM,5,30,1:00 AM,22,5.5,7.5,1.75
337,10006981,10,15,2:00 PM,5,45,1:00 AM,22.25,5.75,7.5,2
338,10006996,10,0,2:00 PM,5,30,1:00 AM,22,5.5,7.5,1.75
339,10007071,10,0,2:00 PM,5,30,1:00 AM,22,5.5,7.5,1.75
340,10007219,11,0,2:00 PM,6,30,1:00 AM,23,6.5,7.5,2.75
341,10007257,9,0,2:00 PM,4,30,1:00 AM,21,4.5,7.5,0.75
342,10007300,12,0,1:00 AM,7,30,1:00 AM,0,7.5,7.5,3.75
343,10007320,10,30,2:00 PM,6,0,1:00 AM,22.5,6,7.5,2.25
344,10007376,12,0,1:00 AM,7,30,1:00 AM,0,7.5,7.5,3.75
345,10007492,11,0,2:00 PM,6,30,1:00 AM,23,6.5,7.5,2.75
346,10007528,10,0,2:00 PM,5,30,1:00 AM,22,5.5,7.5,1.75
347,10007570,9,30,2:00 PM,5,0,1:00 AM,21.5,5,7.5,1.25
348,10007720,11,30,2:00 PM,7,0,1:00 AM,23.5,7,7.5,3.25
349,10007785,10,30,2:00 PM,6,0,1:00 AM,22.5,6,7.5,2.25
350,10007908,10,30,2:00 PM,6,0,1:00 AM,22.5,6,7.5,2.25
351,10007945,10,0,2:00 PM,5,30,1:00 AM,22,5.5,7.5,1.75
352,10008118,2,0,1:00 AM,9,30,1:00 AM,2,9.5,7.5,5.75
353,10008123,10,0,2:00 PM,5,30,1:00 AM,22,5.5,7.5,1.75
354,10008139,12,30,1:00 AM,8,0,1:00 AM,0.5,8,7.5,4.25
355,10008160,9,30,2:00 PM,5,0,1:00 AM,21.5,5,7.5,1.25
356,10008243,11,0,2:00 PM,6,30,1:00 AM,23,6.5,7.5,2.75
357,10008915,11,30,2:00 PM,7,0,1:00 AM,23.5,7,7.5,3.25
358,10009031,10,0,2:00 PM,5,30,1:00 AM,22,5.5,7.5,1.75
359,10009275,9,30,2:00 PM,5,0,1:00 AM,21.5,5,7.5,1.25
360,10009311,12,0,1:00 AM,7,30,1:00 AM,0,7.5,7.5,3.75
361,10009587,9,30,2:00 PM,5,0,1:00 AM,21.5,5,7.5,1.25
362,10009676,12,30,2:00 PM,8,0,1:00 AM,24.5,8,7.5,4.25
363,10009679,11,0,2:00 PM,6,30,1:00 AM,23,6.5,7.5,2.75
364,10009711,11,30,2:00 PM,7,0,1:00 AM,23.5,7,7.5,3.25
365,10009749,11,0,2:00 PM,6,30,1:00 AM,23,6.5,7.5,2.75
366,10009907,8,0,2:00 PM,3,30,1:00 AM,20,3.5,7.5,23.75
367,10010004,10,30,2:00 PM,6,0,1:00 AM,22.5,6,7.5,2.25
368,10010543,10,30,2:00 PM,6,0,1:00 AM,22.5,6,7.5,2.25
369,10010548,12,0,1:00 AM,7,30,1:00 AM,0,7.5,7.5,3.75
370,10010579,11,0,2:00 PM,6,30,1:00 AM,23,6.5,7.5,2.75
371,10010580,9,30,2:00 PM,5,0,1:00 AM,21.5,5,7.5,1.25
372,10010697,10,30,2:00 PM,6,0,1:00 AM,22.5,6,7.5,2.25
373,10010700,1,30,1:00 AM,9,0,1:00 AM,1.5,9,7.5,5.25
374,10010728,11,30,2:00 PM,7,0,1:00 AM,23.5,7,7.5,3.25
375,10010927,11,30,2:00 PM,7,0,1:00 AM,23.5,7,7.5,3.25
376,10010960,11,0,2:00 PM,6,30,1:00 AM,23,6.5,7.5,2.75
377,10011016,11,30,2:00 PM,7,0,1:00 AM,23.5,7,7.5,3.25
378,10011197,12,0,1:00 AM,7,30,1:00 AM,0,7.5,7.5,3.75
379,10011326,10,0,2:00 PM,5,30,1:00 AM,22,5.5,7.5,1.75
380,10011360,10,30,2:00 PM,6,0,1:00 AM,22.5,6,7.5,2.25
381,10011515,1,30,1:00 AM,9,0,1:00 AM,1.5,9,7.5,5.25
382,10011543,12,0,1:00 AM,7,30,1:00 AM,0,7.5,7.5,3.75
383,10011586,12,30,1:00 AM,8,0,1:00 AM,0.5,8,7.5,4.25
384,10011606,11,0,2:00 PM,6,30,1:00 AM,23,6.5,7.5,2.75
385,10011727,11,0,2:00 PM,6,30,1:00 AM,23,6.5,7.5,2.75
386,10012050,11,0,2:00 PM,6,30,1:00 AM,23,6.5,7.5,2.75
387,10012072,8,0,2:00 PM,3,30,1:00 AM,20,3.5,7.5,23.75
388,10012085,9,0,2:00 PM,4,30,1:00 AM,21,4.5,7.5,0.75
389,10012207,11,0,2:00 PM,6,30,1:00 AM,23,6.5,7.5,2.75
390,10012316,10,30,2:00 PM,6,0,1:00 AM,22.5,6,7.5,2.25
391,10012326,11,30,2:00 PM,7,0,1:00 AM,23.5,7,7.5,3.25
392,10012359,11,30,2:00 PM,7,0,1:00 AM,23.5,7,7.5,3.25
393,10012411,10,0,2:00 PM,5,30,1:00 AM,22,5.5,7.5,1.75
394,10000484,10,20,2:00 PM,6,0,1:00 AM,22.33,6,7.67,2.165
395,10001514,8,0,2:00 PM,3,45,1:00 AM,20,3.75,7.75,23.875
396,10001650,10,0,2:00 PM,5,45,1:00 AM,22,5.75,7.75,1.875
397,10002599,12,15,1:00 AM,8,0,1:00 AM,0.25,8,7.75,4.125
398,10002915,10,0,2:00 PM,5,45,1:00 AM,22,5.75,7.75,1.875
399,10002948,11,15,2:00 PM,7,0,1:00 AM,23.25,7,7.75,3.125
400,10003221,10,30,2:00 PM,6,15,1:00 AM,22.5,6.25,7.75,2.375
401,10005111,10,30,2:00 PM,6,15,1:00 AM,22.5,6.25,7.75,2.375
402,10006753,10,15,2:00 PM,6,0,1:00 AM,22.25,6,7.75,2.125
403,10008555,11,0,2:00 PM,6,45,1:00 AM,23,6.75,7.75,2.875
404,10009205,12,0,1:00 AM,7,45,1:00 AM,0,7.75,7.75,3.875
405,10009250,10,15,2:00 PM,6,0,1:00 AM,22.25,6,7.75,2.125
406,10000386,10,10,2:00 PM,6,0,1:00 AM,22.17,6,7.83,2.085
407,10000102,9,30,2:00 PM,5,23,1:00 AM,21.5,5.38,7.88,1.44
408,10003119,9,9,2:00 PM,5,5,1:00 AM,21.15,5.08,7.93,1.115
409,10004129,10,10,2:00 PM,6,6,1:00 AM,22.17,6.1,7.93,2.135
410,10001173,12,1,1:00 AM,8,0,1:00 AM,0.02,8,7.98,4.01
411,10000130,12,30,1:00 AM,8,30,1:00 AM,0.5,8.5,8,4.5
412,10000215,10,30,2:00 PM,6,30,1:00 AM,22.5,6.5,8,2.5
413,10000277,8,30,2:00 PM,4,30,1:00 AM,20.5,4.5,8,0.5
414,10000304,10,0,2:00 PM,6,0,1:00 AM,22,6,8,2
415,10000334,10,0,2:00 PM,6,0,1:00 AM,22,6,8,2
416,10000478,12,0,1:00 AM,8,0,1:00 AM,0,8,8,4
417,10000793,10,0,2:00 PM,6,0,1:00 AM,22,6,8,2
418,10000807,11,30,2:00 PM,7,30,1:00 AM,23.5,7.5,8,3.5
419,10000829,11,0,2:00 PM,7,0,1:00 AM,23,7,8,3
420,10000834,11,0,2:00 PM,7,0,1:00 AM,23,7,8,3
421,10000923,12,0,1:00 AM,8,0,1:00 AM,0,8,8,4
422,10000985,11,0,2:00 PM,7,0,1:00 AM,23,7,8,3
423,10001012,9,0,2:00 PM,5,0,1:00 AM,21,5,8,1
424,10001139,9,30,2:00 PM,5,30,1:00 AM,21.5,5.5,8,1.5
425,10001143,7,30,2:00 PM,3,30,1:00 AM,19.5,3.5,8,23.5
426,10001172,11,30,2:00 PM,7,30,1:00 AM,23.5,7.5,8,3.5
427,10001177,10,0,2:00 PM,6,0,1:00 AM,22,6,8,2
428,10001209,11,30,2:00 PM,7,30,1:00 AM,23.5,7.5,8,3.5
429,10001234,11,30,2:00 PM,7,30,1:00 AM,23.5,7.5,8,3.5
430,10001265,9,0,2:00 PM,5,0,1:00 AM,21,5,8,1
431,10001276,10,0,2:00 PM,6,0,1:00 AM,22,6,8,2
432,10001308,12,30,1:00 AM,8,30,1:00 AM,0.5,8.5,8,4.5
433,10001508,10,0,2:00 PM,6,0,1:00 AM,22,6,8,2
434,10001515,10,0,2:00 PM,6,0,1:00 AM,22,6,8,2
435,10001554,9,0,2:00 PM,5,0,1:00 AM,21,5,8,1
436,10001592,9,0,2:00 PM,5,0,1:00 AM,21,5,8,1
437,10001598,11,30,2:00 PM,7,30,1:00 AM,23.5,7.5,8,3.5
438,10001611,10,30,2:00 PM,6,30,1:00 AM,22.5,6.5,8,2.5
439,10001655,12,0,1:00 AM,8,0,1:00 AM,0,8,8,4
440,10001748,10,0,2:00 PM,6,0,1:00 AM,22,6,8,2
441,10001841,10,0,2:00 PM,6,0,1:00 AM,22,6,8,2
442,10002069,9,0,2:00 PM,5,0,1:00 AM,21,5,8,1
443,10002143,10,0,2:00 PM,6,0,1:00 AM,22,6,8,2
444,10002426,10,0,2:00 PM,6,0,1:00 AM,22,6,8,2
445,10002434,10,0,2:00 PM,6,0,1:00 AM,22,6,8,2
446,10002435,11,0,2:00 PM,7,0,1:00 AM,23,7,8,3
447,10002576,11,0,2:00 PM,7,0,1:00 AM,23,7,8,3
448,10002652,11,0,2:00 PM,7,0,1:00 AM,23,7,8,3
449,10002723,11,30,2:00 PM,7,30,1:00 AM,23.5,7.5,8,3.5
450,10002878,9,0,2:00 PM,5,0,1:00 AM,21,5,8,1
451,10002954,9,0,2:00 PM,5,0,1:00 AM,21,5,8,1
452,10003050,11,0,2:00 PM,7,0,1:00 AM,23,7,8,3
453,10003162,10,0,2:00 PM,6,0,1:00 AM,22,6,8,2
454,10003229,11,0,2:00 PM,7,0,1:00 AM,23,7,8,3
455,10003295,12,0,1:00 AM,8,0,1:00 AM,0,8,8,4
456,10003309,9,0,2:00 PM,5,0,1:00 AM,21,5,8,1
457,10003399,10,0,2:00 PM,6,0,1:00 AM,22,6,8,2
458,10003422,11,30,2:00 PM,7,30,1:00 AM,23.5,7.5,8,3.5
459,10003517,1,0,1:00 AM,9,0,1:00 AM,1,9,8,5
460,10003578,11,0,2:00 PM,7,0,1:00 AM,23,7,8,3
461,10003691,12,0,1:00 AM,8,0,1:00 AM,0,8,8,4
462,10003788,9,0,2:00 PM,5,0,1:00 AM,21,5,8,1
463,10003803,10,0,2:00 PM,6,0,1:00 AM,22,6,8,2
464,10003810,9,0,2:00 PM,5,0,1:00 AM,21,5,8,1
465,10003817,11,0,2:00 PM,7,0,1:00 AM,23,7,8,3
466,10003875,12,0,1:00 AM,8,0,1:00 AM,0,8,8,4
467,10004012,10,0,2:00 PM,6,0,1:00 AM,22,6,8,2
468,10004041,10,0,2:00 PM,6,0,1:00 AM,22,6,8,2
469,10004052,11,0,2:00 PM,7,0,1:00 AM,23,7,8,3
470,10004105,9,0,2:00 PM,5,0,1:00 AM,21,5,8,1
471,10004113,10,59,2:00 PM,6,59,1:00 AM,22.98,6.98,8,2.985
472,10004190,12,0,1:00 AM,8,0,1:00 AM,0,8,8,4
473,10004273,11,0,2:00 PM,7,0,1:00 AM,23,7,8,3
474,10004295,11,0,2:00 PM,7,0,1:00 AM,23,7,8,3
475,10004347,9,0,2:00 PM,5,0,1:00 AM,21,5,8,1
476,10004389,11,0,2:00 PM,7,0,1:00 AM,23,7,8,3
477,10004442,9,0,2:00 PM,5,0,1:00 AM,21,5,8,1
478,10004489,10,0,2:00 PM,6,0,1:00 AM,22,6,8,2
479,10004501,9,30,2:00 PM,5,30,1:00 AM,21.5,5.5,8,1.5
480,10004510,11,0,2:00 PM,7,0,1:00 AM,23,7,8,3
481,10004590,10,0,2:00 PM,6,0,1:00 AM,22,6,8,2
482,10004607,9,0,2:00 PM,5,0,1:00 AM,21,5,8,1
483,10004615,10,0,2:00 PM,6,0,1:00 AM,22,6,8,2
484,10004622,11,0,2:00 PM,7,0,1:00 AM,23,7,8,3
485,10004664,10,0,2:00 PM,6,0,1:00 AM,22,6,8,2
486,10004702,11,0,2:00 PM,7,0,1:00 AM,23,7,8,3
487,10004708,10,30,2:00 PM,6,30,1:00 AM,22.5,6.5,8,2.5
488,10004729,11,30,2:00 PM,7,30,1:00 AM,23.5,7.5,8,3.5
489,10004736,11,30,2:00 PM,7,30,1:00 AM,23.5,7.5,8,3.5
490,10004739,1,0,1:00 AM,9,0,1:00 AM,1,9,8,5
491,10004785,11,0,2:00 PM,7,0,1:00 AM,23,7,8,3
492,10004881,10,30,2:00 PM,6,30,1:00 AM,22.5,6.5,8,2.5
493,10004914,2,0,1:00 AM,10,0,1:00 AM,2,10,8,6
494,10005030,10,0,2:00 PM,6,0,1:00 AM,22,6,8,2
495,10005041,10,0,2:00 PM,6,0,1:00 AM,22,6,8,2
496,10005066,12,0,1:00 AM,8,0,1:00 AM,0,8,8,4
497,10005139,11,0,2:00 PM,7,0,1:00 AM,23,7,8,3
498,10005177,12,0,1:00 AM,8,0,1:00 AM,0,8,8,4
499,10005226,11,30,2:00 PM,7,30,1:00 AM,23.5,7.5,8,3.5
500,10005231,11,0,2:00 PM,7,0,1:00 AM,23,7,8,3
501,10005400,9,0,2:00 PM,5,0,1:00 AM,21,5,8,1
502,10005431,9,0,2:00 PM,5,0,1:00 AM,21,5,8,1
503,10005537,1,0,1:00 AM,9,0,1:00 AM,1,9,8,5
504,10005548,9,30,2:00 PM,5,30,1:00 AM,21.5,5.5,8,1.5
505,10005633,9,0,2:00 PM,5,0,1:00 AM,21,5,8,1
506,10005689,11,0,2:00 PM,7,0,1:00 AM,23,7,8,3
507,10005836,10,30,2:00 PM,6,30,1:00 AM,22.5,6.5,8,2.5
508,10005844,12,30,1:00 AM,8,30,1:00 AM,0.5,8.5,8,4.5
509,10005877,11,0,2:00 PM,7,0,1:00 AM,23,7,8,3
510,10006000,10,0,2:00 PM,6,0,1:00 AM,22,6,8,2
511,10006003,2,0,1:00 AM,10,0,1:00 AM,2,10,8,6
512,10006142,2,0,1:00 AM,10,0,1:00 AM,2,10,8,6
513,10006156,10,0,2:00 PM,6,0,1:00 AM,22,6,8,2
514,10006175,10,30,2:00 PM,6,30,1:00 AM,22.5,6.5,8,2.5
515,10006226,11,0,2:00 PM,7,0,1:00 AM,23,7,8,3
516,10006412,10,30,2:00 PM,6,30,1:00 AM,22.5,6.5,8,2.5
517,10006439,10,0,2:00 PM,6,0,1:00 AM,22,6,8,2
518,10006445,9,0,2:00 PM,5,0,1:00 AM,21,5,8,1
519,10006490,10,30,2:00 PM,6,30,1:00 AM,22.5,6.5,8,2.5
520,10006496,10,30,2:00 PM,6,30,1:00 AM,22.5,6.5,8,2.5
521,10006501,11,59,2:00 PM,7,59,1:00 AM,23.98,7.98,8,3.985
522,10006562,10,30,2:00 PM,6,30,1:00 AM,22.5,6.5,8,2.5
523,10006576,11,0,2:00 PM,7,0,1:00 AM,23,7,8,3
524,10006586,11,0,2:00 PM,7,0,1:00 AM,23,7,8,3
525,10006798,12,0,1:00 AM,8,0,1:00 AM,0,8,8,4
526,10006801,11,0,2:00 PM,7,0,1:00 AM,23,7,8,3
527,10006923,10,0,2:00 PM,6,0,1:00 AM,22,6,8,2
528,10007007,10,30,2:00 PM,6,30,1:00 AM,22.5,6.5,8,2.5
529,10007051,9,0,2:00 PM,5,0,1:00 AM,21,5,8,1
530,10007101,11,0,2:00 PM,7,0,1:00 AM,23,7,8,3
531,10007204,10,0,2:00 PM,6,0,1:00 AM,22,6,8,2
532,10007430,11,0,2:00 PM,7,0,1:00 AM,23,7,8,3
533,10007524,1,0,1:00 AM,9,0,1:00 AM,1,9,8,5
534,10007545,11,59,2:00 PM,7,59,1:00 AM,23.98,7.98,8,3.985
535,10007664,10,30,2:00 PM,6,30,1:00 AM,22.5,6.5,8,2.5
536,10007719,10,0,2:00 PM,6,0,1:00 AM,22,6,8,2
537,10007817,9,30,2:00 PM,5,30,1:00 AM,21.5,5.5,8,1.5
538,10008002,1,0,1:00 AM,9,0,1:00 AM,1,9,8,5
539,10008017,12,0,2:00 PM,8,0,1:00 AM,24,8,8,4
540,10008069,12,0,1:00 AM,8,0,1:00 AM,0,8,8,4
541,10008218,11,30,2:00 PM,7,30,1:00 AM,23.5,7.5,8,3.5
542,10008226,10,0,2:00 PM,6,0,1:00 AM,22,6,8,2
543,10008265,11,0,2:00 PM,7,0,1:00 AM,23,7,8,3
544,10008301,11,0,2:00 PM,7,0,1:00 AM,23,7,8,3
545,10008459,10,0,2:00 PM,6,0,1:00 AM,22,6,8,2
546,10008551,11,30,2:00 PM,7,30,1:00 AM,23.5,7.5,8,3.5
547,10008566,9,0,2:00 PM,5,0,1:00 AM,21,5,8,1
548,10008639,9,0,2:00 PM,5,0,1:00 AM,21,5,8,1
549,10008660,11,30,2:00 PM,7,30,1:00 AM,23.5,7.5,8,3.5
550,10008708,11,30,2:00 PM,7,30,1:00 AM,23.5,7.5,8,3.5
551,10008748,10,0,2:00 PM,6,0,1:00 AM,22,6,8,2
552,10008895,10,0,2:00 PM,6,0,1:00 AM,22,6,8,2
553,10008945,10,0,2:00 PM,6,0,1:00 AM,22,6,8,2
554,10009082,11,0,2:00 PM,7,0,1:00 AM,23,7,8,3
555,10009129,10,0,2:00 PM,6,0,1:00 AM,22,6,8,2
556,10009163,10,0,2:00 PM,6,0,1:00 AM,22,6,8,2
557,10009165,8,0,2:00 PM,4,0,1:00 AM,20,4,8,24
558,10009173,10,0,2:00 PM,6,0,1:00 AM,22,6,8,2
559,10009181,10,0,2:00 PM,6,0,1:00 AM,22,6,8,2
560,10009278,12,0,1:00 AM,8,0,1:00 AM,0,8,8,4
561,10009470,10,0,2:00 PM,6,0,1:00 AM,22,6,8,2
562,10009480,12,0,1:00 AM,8,0,1:00 AM,0,8,8,4
563,10009565,10,0,2:00 PM,6,0,1:00 AM,22,6,8,2
564,10009575,10,30,2:00 PM,6,30,1:00 AM,22.5,6.5,8,2.5
565,10009582,6,0,2:00 PM,2,0,1:00 AM,18,2,8,22
566,10009648,6,30,2:00 PM,2,30,1:00 AM,18.5,2.5,8,22.5
567,10009739,10,0,2:00 PM,6,0,1:00 AM,22,6,8,2
568,10009756,10,0,2:00 PM,6,0,1:00 AM,22,6,8,2
569,10009815,10,30,2:00 PM,6,30,1:00 AM,22.5,6.5,8,2.5
570,10009870,11,0,2:00 PM,7,0,1:00 AM,23,7,8,3
571,10009875,11,59,2:00 PM,7,59,1:00 AM,23.98,7.98,8,3.985
572,10009899,11,0,2:00 PM,7,0,1:00 AM,23,7,8,3
573,10009923,10,30,2:00 PM,6,30,1:00 AM,22.5,6.5,8,2.5
574,10010056,10,59,2:00 PM,6,59,1:00 AM,22.98,6.98,8,2.985
575,10010096,12,0,2:00 PM,8,0,1:00 AM,24,8,8,4
576,10010104,9,30,2:00 PM,5,30,1:00 AM,21.5,5.5,8,1.5
577,10010237,10,0,2:00 PM,6,0,1:00 AM,22,6,8,2
578,10010281,1,0,1:00 AM,9,0,1:00 AM,1,9,8,5
579,10010305,11,0,2:00 PM,7,0,1:00 AM,23,7,8,3
580,10010341,11,0,2:00 PM,7,0,1:00 AM,23,7,8,3
581,10010400,10,0,2:00 PM,6,0,1:00 AM,22,6,8,2
582,10010429,9,0,2:00 PM,5,0,1:00 AM,21,5,8,1
583,10010457,10,0,2:00 PM,6,0,1:00 AM,22,6,8,2
584,10010568,10,0,2:00 PM,6,0,1:00 AM,22,6,8,2
585,10010598,10,30,2:00 PM,6,30,1:00 AM,22.5,6.5,8,2.5
586,10010620,11,0,2:00 PM,7,0,1:00 AM,23,7,8,3
587,10010803,9,0,2:00 PM,5,0,1:00 AM,21,5,8,1
588,10010881,11,0,2:00 PM,7,0,1:00 AM,23,7,8,3
589,10010882,11,30,2:00 PM,7,30,1:00 AM,23.5,7.5,8,3.5
590,10011021,10,0,2:00 PM,6,0,1:00 AM,22,6,8,2
591,10011063,10,0,2:00 PM,6,0,1:00 AM,22,6,8,2
592,10011112,12,30,1:00 AM,8,30,1:00 AM,0.5,8.5,8,4.5
593,10011119,11,0,2:00 PM,7,0,1:00 AM,23,7,8,3
594,10011165,11,30,2:00 PM,7,30,1:00 AM,23.5,7.5,8,3.5
595,10011190,10,0,2:00 PM,6,0,1:00 AM,22,6,8,2
596,10011231,9,30,2:00 PM,5,30,1:00 AM,21.5,5.5,8,1.5
597,10011250,10,0,2:00 PM,6,0,1:00 AM,22,6,8,2
598,10011273,11,0,2:00 PM,7,0,1:00 AM,23,7,8,3
599,10011284,10,30,2:00 PM,6,30,1:00 AM,22.5,6.5,8,2.5
600,10011297,10,0,2:00 PM,6,0,1:00 AM,22,6,8,2
601,10011560,10,0,2:00 PM,6,0,1:00 AM,22,6,8,2
602,10011585,11,0,2:00 PM,7,0,1:00 AM,23,7,8,3
603,10011680,9,0,2:00 PM,5,0,1:00 AM,21,5,8,1
604,10011742,9,0,2:00 PM,5,0,1:00 AM,21,5,8,1
605,10011824,11,30,2:00 PM,7,30,1:00 AM,23.5,7.5,8,3.5
606,10011857,11,0,2:00 PM,7,0,1:00 AM,23,7,8,3
607,10011926,10,30,2:00 PM,6,30,1:00 AM,22.5,6.5,8,2.5
608,10011955,10,30,2:00 PM,6,30,1:00 AM,22.5,6.5,8,2.5
609,10012080,10,30,2:00 PM,6,30,1:00 AM,22.5,6.5,8,2.5
610,10012219,9,0,2:00 PM,5,0,1:00 AM,21,5,8,1
611,10012226,10,0,2:00 PM,6,0,1:00 AM,22,6,8,2
612,10012258,1,30,1:00 AM,9,30,1:00 AM,1.5,9.5,8,5.5
613,10012294,8,0,2:00 PM,4,0,1:00 AM,20,4,8,24
614,10012312,10,0,2:00 PM,6,0,1:00 AM,22,6,8,2
615,10012323,9,0,2:00 PM,5,0,1:00 AM,21,5,8,1
616,10012347,1,0,1:00 AM,9,0,1:00 AM,1,9,8,5
617,10012353,10,0,2:00 PM,6,0,1:00 AM,22,6,8,2
618,10012384,9,0,2:00 PM,5,0,1:00 AM,21,5,8,1
619,10010301,3,3,1:00 AM,11,11,1:00 AM,3.05,11.18,8.13,7.115
620,10003624,12,5,1:00 AM,8,15,1:00 AM,0.08,8.25,8.17,4.165
621,10004898,10,0,2:00 PM,6,10,1:00 AM,22,6.17,8.17,2.085
622,10000057,11,30,2:00 PM,7,45,1:00 AM,23.5,7.75,8.25,3.625
623,10003319,11,30,2:00 PM,7,45,1:00 AM,23.5,7.75,8.25,3.625
624,10003321,10,15,2:00 PM,6,30,1:00 AM,22.25,6.5,8.25,2.375
625,10003497,10,0,2:00 PM,6,15,1:00 AM,22,6.25,8.25,2.125
626,10003749,10,15,2:00 PM,6,30,1:00 AM,22.25,6.5,8.25,2.375
627,10004286,9,30,2:00 PM,5,45,1:00 AM,21.5,5.75,8.25,1.625
628,10006676,9,45,2:00 PM,6,0,1:00 AM,21.75,6,8.25,1.875
629,10006800,11,45,2:00 PM,8,0,1:00 AM,23.75,8,8.25,3.875
630,10009595,10,0,2:00 PM,6,15,1:00 AM,22,6.25,8.25,2.125
631,10011292,10,0,2:00 PM,6,15,1:00 AM,22,6.25,8.25,2.125
632,10011461,11,30,2:00 PM,7,45,1:00 AM,23.5,7.75,8.25,3.625
633,10005821,10,10,2:00 PM,6,30,1:00 AM,22.17,6.5,8.33,2.335
634,10012029,1,1,1:00 AM,9,30,1:00 AM,1.02,9.5,8.48,5.26
635,10000084,9,30,2:00 PM,6,0,1:00 AM,21.5,6,8.5,1.75
636,10000149,11,0,2:00 PM,7,30,1:00 AM,23,7.5,8.5,3.25
637,10000156,12,0,1:00 AM,8,30,1:00 AM,0,8.5,8.5,4.25
638,10000230,10,0,2:00 PM,6,30,1:00 AM,22,6.5,8.5,2.25
639,10000269,10,0,2:00 PM,6,30,1:00 AM,22,6.5,8.5,2.25
640,10000281,10,0,2:00 PM,6,30,1:00 AM,22,6.5,8.5,2.25
641,10000368,9,0,2:00 PM,5,30,1:00 AM,21,5.5,8.5,1.25
642,10000583,10,30,2:00 PM,7,0,1:00 AM,22.5,7,8.5,2.75
643,10000605,10,30,2:00 PM,7,0,1:00 AM,22.5,7,8.5,2.75
644,10000648,10,0,2:00 PM,6,30,1:00 AM,22,6.5,8.5,2.25
645,10000798,10,30,2:00 PM,7,0,1:00 AM,22.5,7,8.5,2.75
646,10000811,12,0,1:00 AM,8,30,1:00 AM,0,8.5,8.5,4.25
647,10000907,9,0,2:00 PM,5,30,1:00 AM,21,5.5,8.5,1.25
648,10000920,12,0,1:00 AM,8,30,1:00 AM,0,8.5,8.5,4.25
649,10001036,9,30,2:00 PM,6,0,1:00 AM,21.5,6,8.5,1.75
650,10001117,9,30,2:00 PM,6,0,1:00 AM,21.5,6,8.5,1.75
651,10001150,8,30,2:00 PM,5,0,1:00 AM,20.5,5,8.5,0.75
652,10001171,11,0,2:00 PM,7,30,1:00 AM,23,7.5,8.5,3.25
653,10001315,10,15,2:00 PM,6,45,1:00 AM,22.25,6.75,8.5,2.5
654,10001385,11,30,2:00 PM,8,0,1:00 AM,23.5,8,8.5,3.75
655,10001413,11,0,2:00 PM,7,30,1:00 AM,23,7.5,8.5,3.25
656,10001535,11,30,2:00 PM,8,0,1:00 AM,23.5,8,8.5,3.75
657,10001537,9,0,2:00 PM,5,30,1:00 AM,21,5.5,8.5,1.25
658,10001551,10,30,2:00 PM,7,0,1:00 AM,22.5,7,8.5,2.75
659,10001672,10,0,2:00 PM,6,30,1:00 AM,22,6.5,8.5,2.25
660,10001735,11,30,2:00 PM,8,0,1:00 AM,23.5,8,8.5,3.75
661,10001744,10,0,2:00 PM,6,30,1:00 AM,22,6.5,8.5,2.25
662,10001888,10,30,2:00 PM,7,0,1:00 AM,22.5,7,8.5,2.75
663,10001950,10,30,2:00 PM,7,0,1:00 AM,22.5,7,8.5,2.75
664,10002004,1,0,1:00 AM,9,30,1:00 AM,1,9.5,8.5,5.25
665,10002072,12,0,1:00 AM,8,30,1:00 AM,0,8.5,8.5,4.25
666,10002230,12,0,1:00 AM,8,30,1:00 AM,0,8.5,8.5,4.25
667,10002300,10,30,2:00 PM,7,0,1:00 AM,22.5,7,8.5,2.75
668,10002378,10,30,2:00 PM,7,0,1:00 AM,22.5,7,8.5,2.75
669,10002466,10,0,2:00 PM,6,30,1:00 AM,22,6.5,8.5,2.25
670,10002486,11,30,2:00 PM,8,0,1:00 AM,23.5,8,8.5,3.75
671,10002488,11,0,2:00 PM,7,30,1:00 AM,23,7.5,8.5,3.25
672,10002503,9,30,2:00 PM,6,0,1:00 AM,21.5,6,8.5,1.75
673,10002634,10,30,2:00 PM,7,0,1:00 AM,22.5,7,8.5,2.75
674,10002639,6,30,2:00 PM,3,0,1:00 AM,18.5,3,8.5,22.75
675,10002703,11,0,2:00 PM,7,30,1:00 AM,23,7.5,8.5,3.25
676,10002776,10,30,2:00 PM,7,0,1:00 AM,22.5,7,8.5,2.75
677,10002821,10,30,2:00 PM,7,0,1:00 AM,22.5,7,8.5,2.75
678,10002925,10,0,2:00 PM,6,30,1:00 AM,22,6.5,8.5,2.25
679,10002972,10,30,2:00 PM,7,0,1:00 AM,22.5,7,8.5,2.75
680,10003079,10,30,2:00 PM,7,0,1:00 AM,22.5,7,8.5,2.75
681,10003104,12,0,1:00 AM,8,30,1:00 AM,0,8.5,8.5,4.25
682,10003151,11,0,2:00 PM,7,30,1:00 AM,23,7.5,8.5,3.25
683,10003164,12,30,1:00 AM,9,0,1:00 AM,0.5,9,8.5,4.75
684,10003261,10,30,2:00 PM,7,0,1:00 AM,22.5,7,8.5,2.75
685,10003275,10,30,2:00 PM,7,0,1:00 AM,22.5,7,8.5,2.75
686,10003325,9,30,2:00 PM,6,0,1:00 AM,21.5,6,8.5,1.75
687,10003443,9,30,2:00 PM,6,0,1:00 AM,21.5,6,8.5,1.75
688,10003490,11,30,2:00 PM,8,0,1:00 AM,23.5,8,8.5,3.75
689,10003616,12,30,1:00 AM,9,0,1:00 AM,0.5,9,8.5,4.75
690,10003732,8,30,2:00 PM,5,0,1:00 AM,20.5,5,8.5,0.75
691,10003740,11,30,2:00 PM,8,0,1:00 AM,23.5,8,8.5,3.75
692,10003812,10,30,2:00 PM,7,0,1:00 AM,22.5,7,8.5,2.75
693,10003845,10,0,2:00 PM,6,30,1:00 AM,22,6.5,8.5,2.25
694,10003962,10,0,2:00 PM,6,30,1:00 AM,22,6.5,8.5,2.25
695,10003965,10,0,2:00 PM,6,30,1:00 AM,22,6.5,8.5,2.25
696,10004035,10,0,2:00 PM,6,30,1:00 AM,22,6.5,8.5,2.25
697,10004322,10,30,2:00 PM,7,0,1:00 AM,22.5,7,8.5,2.75
698,10004342,9,30,2:00 PM,6,0,1:00 AM,21.5,6,8.5,1.75
699,10004486,11,0,2:00 PM,7,30,1:00 AM,23,7.5,8.5,3.25
700,10004561,10,0,2:00 PM,6,30,1:00 AM,22,6.5,8.5,2.25
701,10004821,10,0,2:00 PM,6,30,1:00 AM,22,6.5,8.5,2.25
702,10004929,10,30,2:00 PM,7,0,1:00 AM,22.5,7,8.5,2.75
703,10005092,10,30,2:00 PM,7,0,1:00 AM,22.5,7,8.5,2.75
704,10005095,11,30,2:00 PM,8,0,1:00 AM,23.5,8,8.5,3.75
705,10005114,11,0,2:00 PM,7,30,1:00 AM,23,7.5,8.5,3.25
706,10005192,10,30,2:00 PM,7,0,1:00 AM,22.5,7,8.5,2.75
707,10005232,11,30,2:00 PM,8,0,1:00 AM,23.5,8,8.5,3.75
708,10005238,11,30,2:00 PM,8,0,1:00 AM,23.5,8,8.5,3.75
709,10005243,10,0,2:00 PM,6,30,1:00 AM,22,6.5,8.5,2.25
710,10005273,11,30,2:00 PM,8,0,1:00 AM,23.5,8,8.5,3.75
711,10005366,10,30,2:00 PM,7,0,1:00 AM,22.5,7,8.5,2.75
712,10005378,8,30,2:00 PM,5,0,1:00 AM,20.5,5,8.5,0.75
713,10005393,9,0,2:00 PM,5,30,1:00 AM,21,5.5,8.5,1.25
714,10005451,11,0,2:00 PM,7,30,1:00 AM,23,7.5,8.5,3.25
715,10005500,10,0,2:00 PM,6,30,1:00 AM,22,6.5,8.5,2.25
716,10005571,10,30,2:00 PM,7,0,1:00 AM,22.5,7,8.5,2.75
717,10005685,8,0,2:00 PM,4,30,1:00 AM,20,4.5,8.5,0.25
718,10005756,10,30,2:00 PM,7,0,1:00 AM,22.5,7,8.5,2.75
719,10005765,11,0,2:00 PM,7,30,1:00 AM,23,7.5,8.5,3.25
720,10005789,11,0,2:00 PM,7,30,1:00 AM,23,7.5,8.5,3.25
721,10006065,11,30,2:00 PM,8,0,1:00 AM,23.5,8,8.5,3.75
722,10006088,10,0,2:00 PM,6,30,1:00 AM,22,6.5,8.5,2.25
723,10006101,10,30,2:00 PM,7,0,1:00 AM,22.5,7,8.5,2.75
724,10006157,2,30,1:00 AM,11,0,1:00 AM,2.5,11,8.5,6.75
725,10006192,10,30,2:00 PM,7,0,1:00 AM,22.5,7,8.5,2.75
726,10006275,10,0,2:00 PM,6,30,1:00 AM,22,6.5,8.5,2.25
727,10006335,9,30,2:00 PM,6,0,1:00 AM,21.5,6,8.5,1.75
728,10006420,10,30,2:00 PM,7,0,1:00 AM,22.5,7,8.5,2.75
729,10006441,10,0,2:00 PM,6,30,1:00 AM,22,6.5,8.5,2.25
730,10006444,10,0,2:00 PM,6,30,1:00 AM,22,6.5,8.5,2.25
731,10006447,10,0,2:00 PM,6,30,1:00 AM,22,6.5,8.5,2.25
732,10006631,11,30,2:00 PM,8,0,1:00 AM,23.5,8,8.5,3.75
733,10006678,9,0,2:00 PM,5,30,1:00 AM,21,5.5,8.5,1.25
734,10006863,9,30,2:00 PM,6,0,1:00 AM,21.5,6,8.5,1.75
735,10006895,11,0,2:00 PM,7,30,1:00 AM,23,7.5,8.5,3.25
736,10007010,10,30,2:00 PM,7,0,1:00 AM,22.5,7,8.5,2.75
737,10007055,8,30,2:00 PM,5,0,1:00 AM,20.5,5,8.5,0.75
738,10007206,10,0,2:00 PM,6,30,1:00 AM,22,6.5,8.5,2.25
739,10007377,10,30,2:00 PM,7,0,1:00 AM,22.5,7,8.5,2.75
740,10007432,11,0,2:00 PM,7,30,1:00 AM,23,7.5,8.5,3.25
741,10007462,11,0,2:00 PM,7,30,1:00 AM,23,7.5,8.5,3.25
742,10007761,11,30,2:00 PM,8,0,1:00 AM,23.5,8,8.5,3.75
743,10007770,11,0,2:00 PM,7,30,1:00 AM,23,7.5,8.5,3.25
744,10007771,10,0,2:00 PM,6,30,1:00 AM,22,6.5,8.5,2.25
745,10007781,10,30,2:00 PM,7,0,1:00 AM,22.5,7,8.5,2.75
746,10007865,12,30,1:00 AM,9,0,1:00 AM,0.5,9,8.5,4.75
747,10007886,10,30,2:00 PM,7,0,1:00 AM,22.5,7,8.5,2.75
748,10007895,11,0,2:00 PM,7,30,1:00 AM,23,7.5,8.5,3.25
749,10007993,9,0,2:00 PM,5,30,1:00 AM,21,5.5,8.5,1.25
750,10008005,12,0,1:00 AM,8,30,1:00 AM,0,8.5,8.5,4.25
751,10008029,9,0,2:00 PM,5,30,1:00 AM,21,5.5,8.5,1.25
752,10008050,11,0,2:00 PM,7,30,1:00 AM,23,7.5,8.5,3.25
753,10008141,11,30,2:00 PM,8,0,1:00 AM,23.5,8,8.5,3.75
754,10008158,9,30,2:00 PM,6,0,1:00 AM,21.5,6,8.5,1.75
755,10008286,12,30,1:00 AM,9,0,1:00 AM,0.5,9,8.5,4.75
756,10008421,11,0,2:00 PM,7,30,1:00 AM,23,7.5,8.5,3.25
757,10008439,10,0,2:00 PM,6,30,1:00 AM,22,6.5,8.5,2.25
758,10008445,10,30,2:00 PM,7,0,1:00 AM,22.5,7,8.5,2.75
759,10008453,9,30,2:00 PM,6,0,1:00 AM,21.5,6,8.5,1.75
760,10008463,10,0,2:00 PM,6,30,1:00 AM,22,6.5,8.5,2.25
761,10008557,10,0,2:00 PM,6,30,1:00 AM,22,6.5,8.5,2.25
762,10008571,10,0,2:00 PM,6,30,1:00 AM,22,6.5,8.5,2.25
763,10008586,10,30,2:00 PM,7,0,1:00 AM,22.5,7,8.5,2.75
764,10008588,11,30,2:00 PM,8,0,1:00 AM,23.5,8,8.5,3.75
765,10008739,11,30,2:00 PM,8,0,1:00 AM,23.5,8,8.5,3.75
766,10008872,10,0,2:00 PM,6,30,1:00 AM,22,6.5,8.5,2.25
767,10008913,9,0,2:00 PM,5,30,1:00 AM,21,5.5,8.5,1.25
768,10008924,10,30,2:00 PM,7,0,1:00 AM,22.5,7,8.5,2.75
769,10009113,9,30,2:00 PM,6,0,1:00 AM,21.5,6,8.5,1.75
770,10009142,11,0,2:00 PM,7,30,1:00 AM,23,7.5,8.5,3.25
771,10009269,11,0,2:00 PM,7,30,1:00 AM,23,7.5,8.5,3.25
772,10009279,10,30,2:00 PM,7,0,1:00 AM,22.5,7,8.5,2.75
773,10009354,10,0,2:00 PM,6,30,1:00 AM,22,6.5,8.5,2.25
774,10009404,11,30,2:00 PM,8,0,1:00 AM,23.5,8,8.5,3.75
775,10009473,10,30,2:00 PM,7,0,1:00 AM,22.5,7,8.5,2.75
776,10009538,11,0,2:00 PM,7,30,1:00 AM,23,7.5,8.5,3.25
777,10009699,10,30,2:00 PM,7,0,1:00 AM,22.5,7,8.5,2.75
778,10009734,12,0,1:00 AM,8,30,1:00 AM,0,8.5,8.5,4.25
779,10009761,10,0,2:00 PM,6,30,1:00 AM,22,6.5,8.5,2.25
780,10009843,11,0,2:00 PM,7,30,1:00 AM,23,7.5,8.5,3.25
781,10009880,11,0,2:00 PM,7,30,1:00 AM,23,7.5,8.5,3.25
782,10009987,10,30,2:00 PM,7,0,1:00 AM,22.5,7,8.5,2.75
783,10010078,11,0,2:00 PM,7,30,1:00 AM,23,7.5,8.5,3.25
784,10010226,11,0,2:00 PM,7,30,1:00 AM,23,7.5,8.5,3.25
785,10010241,11,0,2:00 PM,7,30,1:00 AM,23,7.5,8.5,3.25
786,10010332,10,0,2:00 PM,6,30,1:00 AM,22,6.5,8.5,2.25
787,10010459,10,0,2:00 PM,6,30,1:00 AM,22,6.5,8.5,2.25
788,10010493,1,30,1:00 AM,10,0,1:00 AM,1.5,10,8.5,5.75
789,10010607,12,30,1:00 AM,9,0,1:00 AM,0.5,9,8.5,4.75
790,10010644,10,30,2:00 PM,7,0,1:00 AM,22.5,7,8.5,2.75
791,10010670,11,0,2:00 PM,7,30,1:00 AM,23,7.5,8.5,3.25
792,10010804,9,0,2:00 PM,5,30,1:00 AM,21,5.5,8.5,1.25
793,10010913,11,0,2:00 PM,7,30,1:00 AM,23,7.5,8.5,3.25
794,10011168,11,30,2:00 PM,8,0,1:00 AM,23.5,8,8.5,3.75
795,10011301,10,0,2:00 PM,6,30,1:00 AM,22,6.5,8.5,2.25
796,10011305,11,0,2:00 PM,7,30,1:00 AM,23,7.5,8.5,3.25
797,10011423,11,0,2:00 PM,7,30,1:00 AM,23,7.5,8.5,3.25
798,10011434,11,0,2:00 PM,7,30,1:00 AM,23,7.5,8.5,3.25
799,10011662,10,30,2:00 PM,7,0,1:00 AM,22.5,7,8.5,2.75
800,10011785,11,0,2:00 PM,7,30,1:00 AM,23,7.5,8.5,3.25
801,10011894,10,0,2:00 PM,6,30,1:00 AM,22,6.5,8.5,2.25
802,10012117,9,0,2:00 PM,5,30,1:00 AM,21,5.5,8.5,1.25
803,10012197,11,30,2:00 PM,8,0,1:00 AM,23.5,8,8.5,3.75
804,10012255,11,0,2:00 PM,7,30,1:00 AM,23,7.5,8.5,3.25
805,10012328,10,30,2:00 PM,7,0,1:00 AM,22.5,7,8.5,2.75
806,10004951,11,15,2:00 PM,7,59,1:00 AM,23.25,7.98,8.73,3.615
807,10000385,10,0,2:00 PM,6,45,1:00 AM,22,6.75,8.75,2.375
808,10001576,9,30,2:00 PM,6,15,1:00 AM,21.5,6.25,8.75,1.875
809,10002372,10,45,2:00 PM,7,30,1:00 AM,22.75,7.5,8.75,3.125
810,10005651,9,45,2:00 PM,6,30,1:00 AM,21.75,6.5,8.75,2.125
811,10006458,11,0,2:00 PM,7,45,1:00 AM,23,7.75,8.75,3.375
812,10006794,10,15,2:00 PM,7,0,1:00 AM,22.25,7,8.75,2.625
813,10007650,11,45,2:00 PM,8,30,1:00 AM,23.75,8.5,8.75,4.125
814,10007689,10,0,2:00 PM,6,45,1:00 AM,22,6.75,8.75,2.375
815,10008502,11,15,2:00 PM,8,0,1:00 AM,23.25,8,8.75,3.625
816,10010793,10,15,2:00 PM,7,0,1:00 AM,22.25,7,8.75,2.625
817,10012362,8,0,2:00 PM,4,45,1:00 AM,20,4.75,8.75,0.375
818,10008746,10,10,2:00 PM,7,0,1:00 AM,22.17,7,8.83,2.585
819,10012352,10,10,2:00 PM,7,7,1:00 AM,22.17,7.12,8.95,2.64
820,10000022,10,0,2:00 PM,7,0,1:00 AM,22,7,9,2.5
821,10000112,10,0,2:00 PM,7,0,1:00 AM,22,7,9,2.5
822,10000113,9,30,2:00 PM,6,30,1:00 AM,21.5,6.5,9,2
823,10000131,10,0,2:00 PM,7,0,1:00 AM,22,7,9,2.5
824,10000268,10,30,2:00 PM,7,30,1:00 AM,22.5,7.5,9,3
825,10000358,11,0,2:00 PM,8,0,1:00 AM,23,8,9,3.5
826,10000372,12,30,1:00 AM,9,30,1:00 AM,0.5,9.5,9,5
827,10000401,1,0,1:00 AM,10,0,1:00 AM,1,10,9,5.5
828,10000570,9,0,2:00 PM,6,0,1:00 AM,21,6,9,1.5
829,10000617,10,0,2:00 PM,7,0,1:00 AM,22,7,9,2.5
830,10000651,9,0,2:00 PM,6,0,1:00 AM,21,6,9,1.5
831,10000789,9,30,2:00 PM,6,30,1:00 AM,21.5,6.5,9,2
832,10000866,9,0,2:00 PM,6,0,1:00 AM,21,6,9,1.5
833,10000901,10,30,2:00 PM,7,30,1:00 AM,22.5,7.5,9,3
834,10000933,10,0,2:00 PM,7,0,1:00 AM,22,7,9,2.5
835,10000960,10,0,2:00 PM,7,0,1:00 AM,22,7,9,2.5
836,10000989,10,30,2:00 PM,7,30,1:00 AM,22.5,7.5,9,3
837,10001066,11,0,2:00 PM,8,0,1:00 AM,23,8,9,3.5
838,10001124,9,0,2:00 PM,6,0,1:00 AM,21,6,9,1.5
839,10001258,8,0,2:00 PM,5,0,1:00 AM,20,5,9,0.5
840,10001296,8,30,2:00 PM,5,30,1:00 AM,20.5,5.5,9,1
841,10001300,10,0,2:00 PM,7,0,1:00 AM,22,7,9,2.5
842,10001370,10,0,2:00 PM,7,0,1:00 AM,22,7,9,2.5
843,10001384,11,0,2:00 PM,8,0,1:00 AM,23,8,9,3.5
844,10001409,10,0,2:00 PM,7,0,1:00 AM,22,7,9,2.5
845,10001426,10,30,2:00 PM,7,30,1:00 AM,22.5,7.5,9,3
846,10001427,10,0,2:00 PM,7,0,1:00 AM,22,7,9,2.5
847,10001496,10,0,2:00 PM,7,0,1:00 AM,22,7,9,2.5
848,10001521,9,30,2:00 PM,6,30,1:00 AM,21.5,6.5,9,2
849,10001552,11,30,2:00 PM,8,30,1:00 AM,23.5,8.5,9,4
850,10001741,10,0,2:00 PM,7,0,1:00 AM,22,7,9,2.5
851,10001789,1,0,1:00 AM,10,0,1:00 AM,1,10,9,5.5
852,10001801,8,0,2:00 PM,5,0,1:00 AM,20,5,9,0.5
853,10001989,1,0,1:00 AM,10,0,1:00 AM,1,10,9,5.5
854,10002089,11,0,2:00 PM,8,0,1:00 AM,23,8,9,3.5
855,10002099,9,0,2:00 PM,6,0,1:00 AM,21,6,9,1.5
856,10002119,10,0,2:00 PM,7,0,1:00 AM,22,7,9,2.5
857,10002167,12,0,1:00 AM,9,0,1:00 AM,0,9,9,4.5
858,10002177,9,30,2:00 PM,6,30,1:00 AM,21.5,6.5,9,2
859,10002256,11,0,2:00 PM,8,0,1:00 AM,23,8,9,3.5
860,10002352,9,0,2:00 PM,6,0,1:00 AM,21,6,9,1.5
861,10002471,11,0,2:00 PM,8,0,1:00 AM,23,8,9,3.5
862,10002560,9,30,2:00 PM,6,30,1:00 AM,21.5,6.5,9,2
863,10002681,10,0,2:00 PM,7,0,1:00 AM,22,7,9,2.5
864,10002720,11,30,2:00 PM,8,30,1:00 AM,23.5,8.5,9,4
865,10002804,11,0,2:00 PM,8,0,1:00 AM,23,8,9,3.5
866,10002842,10,0,2:00 PM,7,0,1:00 AM,22,7,9,2.5
867,10002908,9,59,2:00 PM,6,59,1:00 AM,21.98,6.98,9,2.485
868,10002984,12,0,1:00 AM,9,0,1:00 AM,0,9,9,4.5
869,10003052,10,30,2:00 PM,7,30,1:00 AM,22.5,7.5,9,3
870,10003053,12,0,1:00 AM,9,0,1:00 AM,0,9,9,4.5
871,10003064,11,0,2:00 PM,8,0,1:00 AM,23,8,9,3.5
872,10003146,9,0,2:00 PM,6,0,1:00 AM,21,6,9,1.5
873,10003214,9,0,2:00 PM,6,0,1:00 AM,21,6,9,1.5
874,10003328,9,0,2:00 PM,6,0,1:00 AM,21,6,9,1.5
875,10003352,1,0,1:00 AM,10,0,1:00 AM,1,10,9,5.5
876,10003406,9,30,2:00 PM,6,30,1:00 AM,21.5,6.5,9,2
877,10003469,10,0,2:00 PM,7,0,1:00 AM,22,7,9,2.5
878,10003678,9,0,2:00 PM,6,0,1:00 AM,21,6,9,1.5
879,10003725,12,30,2:00 PM,9,30,1:00 AM,24.5,9.5,9,5
880,10003780,12,0,1:00 AM,9,0,1:00 AM,0,9,9,4.5
881,10003898,8,30,2:00 PM,5,30,1:00 AM,20.5,5.5,9,1
882,10003955,10,0,2:00 PM,7,0,1:00 AM,22,7,9,2.5
883,10003970,10,30,2:00 PM,7,30,1:00 AM,22.5,7.5,9,3
884,10004033,8,30,2:00 PM,5,30,1:00 AM,20.5,5.5,9,1
885,10004106,9,0,2:00 PM,6,0,1:00 AM,21,6,9,1.5
886,10004156,10,0,2:00 PM,7,0,1:00 AM,22,7,9,2.5
887,10004246,10,30,2:00 PM,7,30,1:00 AM,22.5,7.5,9,3
888,10004254,9,0,2:00 PM,6,0,1:00 AM,21,6,9,1.5
889,10004305,11,0,2:00 PM,8,0,1:00 AM,23,8,9,3.5
890,10004386,9,30,2:00 PM,6,30,1:00 AM,21.5,6.5,9,2
891,10004539,11,0,2:00 PM,8,0,1:00 AM,23,8,9,3.5
892,10004769,10,30,2:00 PM,7,30,1:00 AM,22.5,7.5,9,3
893,10004828,9,0,2:00 PM,6,0,1:00 AM,21,6,9,1.5
894,10004861,10,0,2:00 PM,7,0,1:00 AM,22,7,9,2.5
895,10004969,10,0,2:00 PM,7,0,1:00 AM,22,7,9,2.5
896,10004980,10,0,2:00 PM,7,0,1:00 AM,22,7,9,2.5
897,10004981,9,30,2:00 PM,6,30,1:00 AM,21.5,6.5,9,2
898,10005132,9,30,2:00 PM,6,30,1:00 AM,21.5,6.5,9,2
899,10005236,9,0,2:00 PM,6,0,1:00 AM,21,6,9,1.5
900,10005360,9,0,2:00 PM,6,0,1:00 AM,21,6,9,1.5
901,10005454,10,0,2:00 PM,7,0,1:00 AM,22,7,9,2.5
902,10005464,9,0,2:00 PM,6,0,1:00 AM,21,6,9,1.5
903,10005531,11,30,2:00 PM,8,30,1:00 AM,23.5,8.5,9,4
904,10005559,9,0,2:00 PM,6,0,1:00 AM,21,6,9,1.5
905,10005572,8,30,2:00 PM,5,30,1:00 AM,20.5,5.5,9,1
906,10005662,11,0,2:00 PM,8,0,1:00 AM,23,8,9,3.5
907,10005700,9,30,2:00 PM,6,30,1:00 AM,21.5,6.5,9,2
908,10005712,1,30,1:00 AM,10,30,1:00 AM,1.5,10.5,9,6
909,10005740,10,0,2:00 PM,7,0,1:00 AM,22,7,9,2.5
910,10005745,10,0,2:00 PM,7,0,1:00 AM,22,7,9,2.5
911,10005761,10,0,2:00 PM,7,0,1:00 AM,22,7,9,2.5
912,10005863,10,30,2:00 PM,7,30,1:00 AM,22.5,7.5,9,3
913,10006010,10,0,2:00 PM,7,0,1:00 AM,22,7,9,2.5
914,10006073,10,0,2:00 PM,7,0,1:00 AM,22,7,9,2.5
915,10006227,9,30,2:00 PM,6,30,1:00 AM,21.5,6.5,9,2
916,10006298,10,0,2:00 PM,7,0,1:00 AM,22,7,9,2.5
917,10006468,11,0,2:00 PM,8,0,1:00 AM,23,8,9,3.5
918,10006522,9,0,2:00 PM,6,0,1:00 AM,21,6,9,1.5
919,10006554,11,0,2:00 PM,8,0,1:00 AM,23,8,9,3.5
920,10006598,10,0,2:00 PM,7,0,1:00 AM,22,7,9,2.5
921,10006697,10,30,2:00 PM,7,30,1:00 AM,22.5,7.5,9,3
922,10006781,11,30,2:00 PM,8,30,1:00 AM,23.5,8.5,9,4
923,10006896,10,0,2:00 PM,7,0,1:00 AM,22,7,9,2.5
924,10006995,10,30,2:00 PM,7,30,1:00 AM,22.5,7.5,9,3
925,10007154,8,0,2:00 PM,5,0,1:00 AM,20,5,9,0.5
926,10007187,12,0,2:00 PM,9,0,1:00 AM,24,9,9,4.5
927,10007259,4,0,1:00 AM,1,0,2:00 PM,4,13,9,8.5
928,10007271,9,0,2:00 PM,6,0,1:00 AM,21,6,9,1.5
929,10007279,9,0,2:00 PM,6,0,1:00 AM,21,6,9,1.5
930,10007281,10,30,2:00 PM,7,30,1:00 AM,22.5,7.5,9,3
931,10007380,12,0,1:00 AM,9,0,1:00 AM,0,9,9,4.5
932,10007439,11,0,2:00 PM,8,0,1:00 AM,23,8,9,3.5
933,10007446,9,30,2:00 PM,6,30,1:00 AM,21.5,6.5,9,2
934,10007447,10,30,2:00 PM,7,30,1:00 AM,22.5,7.5,9,3
935,10007547,11,0,2:00 PM,8,0,1:00 AM,23,8,9,3.5
936,10007564,10,0,2:00 PM,7,0,1:00 AM,22,7,9,2.5
937,10007592,9,0,2:00 PM,6,0,1:00 AM,21,6,9,1.5
938,10007626,12,0,1:00 AM,9,0,1:00 AM,0,9,9,4.5
939,10007632,10,0,2:00 PM,7,0,1:00 AM,22,7,9,2.5
940,10007666,12,0,1:00 AM,9,0,1:00 AM,0,9,9,4.5
941,10007738,9,0,2:00 PM,6,0,1:00 AM,21,6,9,1.5
942,10007787,11,0,2:00 PM,8,0,1:00 AM,23,8,9,3.5
943,10007829,9,0,2:00 PM,6,0,1:00 AM,21,6,9,1.5
944,10007851,11,30,2:00 PM,8,30,1:00 AM,23.5,8.5,9,4
945,10007881,12,0,1:00 AM,9,0,1:00 AM,0,9,9,4.5
946,10008090,10,30,2:00 PM,7,30,1:00 AM,22.5,7.5,9,3
947,10008132,11,0,2:00 PM,8,0,1:00 AM,23,8,9,3.5
948,10008153,10,0,2:00 PM,7,0,1:00 AM,22,7,9,2.5
949,10008164,10,0,2:00 PM,7,0,1:00 AM,22,7,9,2.5
950,10008198,10,0,2:00 PM,7,0,1:00 AM,22,7,9,2.5
951,10008210,10,30,2:00 PM,7,30,1:00 AM,22.5,7.5,9,3
952,10008244,9,0,2:00 PM,6,0,1:00 AM,21,6,9,1.5
953,10008274,11,0,2:00 PM,8,0,1:00 AM,23,8,9,3.5
954,10008367,9,0,2:00 PM,6,0,1:00 AM,21,6,9,1.5
955,10008444,11,0,2:00 PM,8,0,1:00 AM,23,8,9,3.5
956,10008450,11,0,2:00 PM,8,0,1:00 AM,23,8,9,3.5
957,10008506,10,30,2:00 PM,7,30,1:00 AM,22.5,7.5,9,3
958,10008517,9,0,2:00 PM,6,0,1:00 AM,21,6,9,1.5
959,10008679,11,0,2:00 PM,8,0,1:00 AM,23,8,9,3.5
960,10008765,9,0,2:00 PM,6,0,1:00 AM,21,6,9,1.5
961,10008806,10,30,2:00 PM,7,30,1:00 AM,22.5,7.5,9,3
962,10008824,10,0,2:00 PM,7,0,1:00 AM,22,7,9,2.5
963,10008867,9,0,2:00 PM,6,0,1:00 AM,21,6,9,1.5
964,10008883,9,30,2:00 PM,6,30,1:00 AM,21.5,6.5,9,2
965,10008903,11,0,2:00 PM,8,0,1:00 AM,23,8,9,3.5
966,10009034,8,0,2:00 PM,5,0,1:00 AM,20,5,9,0.5
967,10009058,11,0,2:00 PM,8,0,1:00 AM,23,8,9,3.5
968,10009099,8,0,2:00 PM,5,0,1:00 AM,20,5,9,0.5
969,10009253,10,0,2:00 PM,7,0,1:00 AM,22,7,9,2.5
970,10009317,11,0,2:00 PM,8,0,1:00 AM,23,8,9,3.5
971,10009333,10,0,2:00 PM,7,0,1:00 AM,22,7,9,2.5
972,10009406,10,30,2:00 PM,7,30,1:00 AM,22.5,7.5,9,3
973,10009415,8,0,2:00 PM,5,0,1:00 AM,20,5,9,0.5
974,10009515,11,0,2:00 PM,8,0,1:00 AM,23,8,9,3.5
975,10009543,11,0,2:00 PM,8,0,1:00 AM,23,8,9,3.5
976,10009584,10,30,2:00 PM,7,30,1:00 AM,22.5,7.5,9,3
977,10009672,11,0,2:00 PM,8,0,1:00 AM,23,8,9,3.5
978,10009727,9,0,2:00 PM,6,0,1:00 AM,21,6,9,1.5
979,10009752,10,30,2:00 PM,7,30,1:00 AM,22.5,7.5,9,3
980,10009844,10,0,2:00 PM,7,0,1:00 AM,22,7,9,2.5
981,10010039,11,30,2:00 PM,8,30,1:00 AM,23.5,8.5,9,4
982,10010060,1,0,1:00 AM,10,0,1:00 AM,1,10,9,5.5
983,10010085,10,0,2:00 PM,7,0,1:00 AM,22,7,9,2.5
984,10010103,10,0,2:00 PM,7,0,1:00 AM,22,7,9,2.5
985,10010164,9,30,2:00 PM,6,30,1:00 AM,21.5,6.5,9,2
986,10010279,10,0,2:00 PM,7,0,1:00 AM,22,7,9,2.5
987,10010413,11,0,2:00 PM,8,0,1:00 AM,23,8,9,3.5
988,10010513,9,0,2:00 PM,6,0,1:00 AM,21,6,9,1.5
989,10010521,9,30,2:00 PM,6,30,1:00 AM,21.5,6.5,9,2
990,10010715,12,0,1:00 AM,9,0,1:00 AM,0,9,9,4.5
991,10010737,10,0,2:00 PM,7,0,1:00 AM,22,7,9,2.5
992,10010751,12,0,1:00 AM,9,0,1:00 AM,0,9,9,4.5
993,10010754,9,0,2:00 PM,6,0,1:00 AM,21,6,9,1.5
994,10010974,8,30,2:00 PM,5,30,1:00 AM,20.5,5.5,9,1
995,10011045,10,0,2:00 PM,7,0,1:00 AM,22,7,9,2.5
996,10011160,8,30,2:00 PM,5,30,1:00 AM,20.5,5.5,9,1
997,10011175,10,30,2:00 PM,7,30,1:00 AM,22.5,7.5,9,3
998,10011176,9,0,2:00 PM,6,0,1:00 AM,21,6,9,1.5
999,10011179,12,0,1:00 AM,9,0,1:00 AM,0,9,9,4.5
1000,10011230,9,0,2:00 PM,6,0,1:00 AM,21,6,9,1.5
1001,10011236,10,0,2:00 PM,7,0,1:00 AM,22,7,9,2.5
1002,10011237,9,30,2:00 PM,6,30,1:00 AM,21.5,6.5,9,2
1003,10011323,9,0,2:00 PM,6,0,1:00 AM,21,6,9,1.5
1004,10011333,11,0,2:00 PM,8,0,1:00 AM,23,8,9,3.5
1005,10011531,10,0,2:00 PM,7,0,1:00 AM,22,7,9,2.5
1006,10011658,9,0,2:00 PM,6,0,1:00 AM,21,6,9,1.5
1007,10011712,10,0,2:00 PM,7,0,1:00 AM,22,7,9,2.5
1008,10011719,11,0,2:00 PM,8,0,1:00 AM,23,8,9,3.5
1009,10011788,9,30,2:00 PM,6,30,1:00 AM,21.5,6.5,9,2
1010,10011809,10,0,2:00 PM,7,0,1:00 AM,22,7,9,2.5
1011,10011893,9,0,2:00 PM,6,0,1:00 AM,21,6,9,1.5
1012,10011954,10,30,2:00 PM,7,30,1:00 AM,22.5,7.5,9,3
1013,10011962,8,30,2:00 PM,5,30,1:00 AM,20.5,5.5,9,1
1014,10012028,9,0,2:00 PM,6,0,1:00 AM,21,6,9,1.5
1015,10012083,12,0,1:00 AM,9,0,1:00 AM,0,9,9,4.5
1016,10012116,11,0,2:00 PM,8,0,1:00 AM,23,8,9,3.5
1017,10012153,10,30,2:00 PM,7,30,1:00 AM,22.5,7.5,9,3
1018,10012271,10,30,2:00 PM,7,30,1:00 AM,22.5,7.5,9,3
1019,10012280,9,30,2:00 PM,6,30,1:00 AM,21.5,6.5,9,2
1020,10012300,12,0,1:00 AM,9,0,1:00 AM,0,9,9,4.5
1021,10012327,9,0,2:00 PM,6,0,1:00 AM,21,6,9,1.5
1022,10012351,10,0,2:00 PM,7,0,1:00 AM,22,7,9,2.5
1023,10001530,11,45,2:00 PM,9,0,1:00 AM,23.75,9,9.25,4.375
1024,10002835,10,0,2:00 PM,7,15,1:00 AM,22,7.25,9.25,2.625
1025,10005594,10,0,2:00 PM,7,15,1:00 AM,22,7.25,9.25,2.625
1026,10008096,8,45,2:00 PM,6,0,1:00 AM,20.75,6,9.25,1.375
1027,10010244,11,15,2:00 PM,8,30,1:00 AM,23.25,8.5,9.25,3.875
1028,10012150,10,0,2:00 PM,7,15,1:00 AM,22,7.25,9.25,2.625
1029,10000047,10,0,2:00 PM,7,30,1:00 AM,22,7.5,9.5,2.75
1030,10000485,10,0,2:00 PM,7,30,1:00 AM,22,7.5,9.5,2.75
1031,10000592,9,0,2:00 PM,6,30,1:00 AM,21,6.5,9.5,1.75
1032,10000750,10,0,2:00 PM,7,30,1:00 AM,22,7.5,9.5,2.75
1033,10001048,10,0,2:00 PM,7,30,1:00 AM,22,7.5,9.5,2.75
1034,10001073,10,0,2:00 PM,7,30,1:00 AM,22,7.5,9.5,2.75
1035,10001152,9,30,2:00 PM,7,0,1:00 AM,21.5,7,9.5,2.25
1036,10001160,10,0,2:00 PM,7,30,1:00 AM,22,7.5,9.5,2.75
1037,10001191,10,0,2:00 PM,7,30,1:00 AM,22,7.5,9.5,2.75
1038,10001235,9,0,2:00 PM,6,30,1:00 AM,21,6.5,9.5,1.75
1039,10001417,12,30,1:00 AM,10,0,1:00 AM,0.5,10,9.5,5.25
1040,10001550,11,0,2:00 PM,8,30,1:00 AM,23,8.5,9.5,3.75
1041,10001602,9,30,2:00 PM,7,0,1:00 AM,21.5,7,9.5,2.25
1042,10001656,10,0,2:00 PM,7,30,1:00 AM,22,7.5,9.5,2.75
1043,10001663,9,30,2:00 PM,7,0,1:00 AM,21.5,7,9.5,2.25
1044,10001946,8,0,2:00 PM,5,30,1:00 AM,20,5.5,9.5,0.75
1045,10002123,8,0,2:00 PM,5,30,1:00 AM,20,5.5,9.5,0.75
1046,10002289,9,0,2:00 PM,6,30,1:00 AM,21,6.5,9.5,1.75
1047,10002347,12,0,1:00 AM,9,30,1:00 AM,0,9.5,9.5,4.75
1048,10002691,10,0,2:00 PM,7,30,1:00 AM,22,7.5,9.5,2.75
1049,10002754,9,0,2:00 PM,6,30,1:00 AM,21,6.5,9.5,1.75
1050,10002775,7,0,2:00 PM,4,30,1:00 AM,19,4.5,9.5,23.75
1051,10002867,9,30,2:00 PM,7,0,1:00 AM,21.5,7,9.5,2.25
1052,10002888,9,30,2:00 PM,7,0,1:00 AM,21.5,7,9.5,2.25
1053,10002924,10,0,2:00 PM,7,30,1:00 AM,22,7.5,9.5,2.75
1054,10002966,9,0,2:00 PM,6,30,1:00 AM,21,6.5,9.5,1.75
1055,10002971,10,30,2:00 PM,8,0,1:00 AM,22.5,8,9.5,3.25
1056,10002991,8,30,2:00 PM,6,0,1:00 AM,20.5,6,9.5,1.25
1057,10003152,9,30,2:00 PM,7,0,1:00 AM,21.5,7,9.5,2.25
1058,10003220,9,30,2:00 PM,7,0,1:00 AM,21.5,7,9.5,2.25
1059,10003233,11,0,2:00 PM,8,30,1:00 AM,23,8.5,9.5,3.75
1060,10003292,9,30,2:00 PM,7,0,1:00 AM,21.5,7,9.5,2.25
1061,10003346,7,30,2:00 PM,5,0,1:00 AM,19.5,5,9.5,0.25
1062,10003565,11,30,2:00 PM,9,0,1:00 AM,23.5,9,9.5,4.25
1063,10003702,9,30,2:00 PM,7,0,1:00 AM,21.5,7,9.5,2.25
1064,10003726,9,30,2:00 PM,7,0,1:00 AM,21.5,7,9.5,2.25
1065,10004195,11,0,2:00 PM,8,30,1:00 AM,23,8.5,9.5,3.75
1066,10004222,9,0,2:00 PM,6,30,1:00 AM,21,6.5,9.5,1.75
1067,10004452,10,30,2:00 PM,8,0,1:00 AM,22.5,8,9.5,3.25
1068,10004606,9,30,2:00 PM,7,0,1:00 AM,21.5,7,9.5,2.25
1069,10004948,9,0,2:00 PM,6,30,1:00 AM,21,6.5,9.5,1.75
1070,10005116,10,30,2:00 PM,8,0,1:00 AM,22.5,8,9.5,3.25
1071,10005311,8,0,2:00 PM,5,30,1:00 AM,20,5.5,9.5,0.75
1072,10005333,11,0,2:00 PM,8,30,1:00 AM,23,8.5,9.5,3.75
1073,10005484,10,30,2:00 PM,8,0,1:00 AM,22.5,8,9.5,3.25
1074,10005621,11,30,2:00 PM,9,0,1:00 AM,23.5,9,9.5,4.25
1075,10005630,11,0,2:00 PM,8,30,1:00 AM,23,8.5,9.5,3.75
1076,10005678,10,0,2:00 PM,7,30,1:00 AM,22,7.5,9.5,2.75
1077,10005878,9,30,2:00 PM,7,0,1:00 AM,21.5,7,9.5,2.25
1078,10006086,12,0,1:00 AM,9,30,1:00 AM,0,9.5,9.5,4.75
1079,10006172,11,30,2:00 PM,9,0,1:00 AM,23.5,9,9.5,4.25
1080,10006259,10,30,2:00 PM,8,0,1:00 AM,22.5,8,9.5,3.25
1081,10006684,12,0,2:00 PM,9,30,1:00 AM,24,9.5,9.5,4.75
1082,10006688,9,0,2:00 PM,6,30,1:00 AM,21,6.5,9.5,1.75
1083,10006696,8,30,2:00 PM,6,0,1:00 AM,20.5,6,9.5,1.25
1084,10006738,9,30,2:00 PM,7,0,1:00 AM,21.5,7,9.5,2.25
1085,10006887,9,30,2:00 PM,7,0,1:00 AM,21.5,7,9.5,2.25
1086,10006915,10,0,2:00 PM,7,30,1:00 AM,22,7.5,9.5,2.75
1087,10006940,9,0,2:00 PM,6,30,1:00 AM,21,6.5,9.5,1.75
1088,10007142,7,30,2:00 PM,5,0,1:00 AM,19.5,5,9.5,0.25
1089,10007248,10,0,2:00 PM,7,30,1:00 AM,22,7.5,9.5,2.75
1090,10007301,9,30,2:00 PM,7,0,1:00 AM,21.5,7,9.5,2.25
1091,10007467,11,30,2:00 PM,9,0,1:00 AM,23.5,9,9.5,4.25
1092,10007525,11,30,2:00 PM,9,0,1:00 AM,23.5,9,9.5,4.25
1093,10007566,12,30,2:00 PM,10,0,1:00 AM,24.5,10,9.5,5.25
1094,10007567,9,30,2:00 PM,7,0,1:00 AM,21.5,7,9.5,2.25
1095,10007579,8,30,2:00 PM,6,0,1:00 AM,20.5,6,9.5,1.25
1096,10007593,9,0,2:00 PM,6,30,1:00 AM,21,6.5,9.5,1.75
1097,10007618,11,0,2:00 PM,8,30,1:00 AM,23,8.5,9.5,3.75
1098,10007653,11,0,2:00 PM,8,30,1:00 AM,23,8.5,9.5,3.75
1099,10008308,8,0,2:00 PM,5,30,1:00 AM,20,5.5,9.5,0.75
1100,10008360,8,30,2:00 PM,6,0,1:00 AM,20.5,6,9.5,1.25
1101,10008540,11,30,2:00 PM,9,0,1:00 AM,23.5,9,9.5,4.25
1102,10008612,9,0,2:00 PM,6,30,1:00 AM,21,6.5,9.5,1.75
1103,10008641,10,0,2:00 PM,7,30,1:00 AM,22,7.5,9.5,2.75
1104,10008714,10,30,2:00 PM,8,0,1:00 AM,22.5,8,9.5,3.25
1105,10008717,9,0,2:00 PM,6,30,1:00 AM,21,6.5,9.5,1.75
1106,10008747,9,30,2:00 PM,7,0,1:00 AM,21.5,7,9.5,2.25
1107,10008772,10,30,2:00 PM,8,0,1:00 AM,22.5,8,9.5,3.25
1108,10008777,9,30,2:00 PM,7,0,1:00 AM,21.5,7,9.5,2.25
1109,10008967,11,0,2:00 PM,8,30,1:00 AM,23,8.5,9.5,3.75
1110,10009046,9,30,2:00 PM,7,0,1:00 AM,21.5,7,9.5,2.25
1111,10009323,8,30,2:00 PM,6,0,1:00 AM,20.5,6,9.5,1.25
1112,10009355,10,30,2:00 PM,8,0,1:00 AM,22.5,8,9.5,3.25
1113,10009373,10,30,2:00 PM,8,0,1:00 AM,22.5,8,9.5,3.25
1114,10009409,10,30,2:00 PM,8,0,1:00 AM,22.5,8,9.5,3.25
1115,10009530,9,0,2:00 PM,6,30,1:00 AM,21,6.5,9.5,1.75
1116,10009623,10,30,2:00 PM,8,0,1:00 AM,22.5,8,9.5,3.25
1117,10009861,10,30,2:00 PM,8,0,1:00 AM,22.5,8,9.5,3.25
1118,10009872,10,0,2:00 PM,7,30,1:00 AM,22,7.5,9.5,2.75
1119,10010107,10,30,2:00 PM,8,0,1:00 AM,22.5,8,9.5,3.25
1120,10010121,8,30,2:00 PM,6,0,1:00 AM,20.5,6,9.5,1.25
1121,10010262,10,0,2:00 PM,7,30,1:00 AM,22,7.5,9.5,2.75
1122,10010278,11,0,2:00 PM,8,30,1:00 AM,23,8.5,9.5,3.75
1123,10010433,9,0,2:00 PM,6,30,1:00 AM,21,6.5,9.5,1.75
1124,10010730,10,30,2:00 PM,8,0,1:00 AM,22.5,8,9.5,3.25
1125,10010757,9,0,2:00 PM,6,30,1:00 AM,21,6.5,9.5,1.75
1126,10010809,11,0,2:00 PM,8,30,1:00 AM,23,8.5,9.5,3.75
1127,10011108,10,30,2:00 PM,8,0,1:00 AM,22.5,8,9.5,3.25
1128,10011140,9,0,2:00 PM,6,30,1:00 AM,21,6.5,9.5,1.75
1129,10011209,10,0,2:00 PM,7,30,1:00 AM,22,7.5,9.5,2.75
1130,10011322,11,0,2:00 PM,8,30,1:00 AM,23,8.5,9.5,3.75
1131,10011384,12,30,1:00 AM,10,0,1:00 AM,0.5,10,9.5,5.25
1132,10011779,9,0,2:00 PM,6,30,1:00 AM,21,6.5,9.5,1.75
1133,10011874,10,0,2:00 PM,7,30,1:00 AM,22,7.5,9.5,2.75
1134,10011945,10,30,2:00 PM,8,0,1:00 AM,22.5,8,9.5,3.25
1135,10011961,10,30,2:00 PM,8,0,1:00 AM,22.5,8,9.5,3.25
1136,10012210,10,30,2:00 PM,8,0,1:00 AM,22.5,8,9.5,3.25
1137,10012247,9,0,2:00 PM,6,30,1:00 AM,21,6.5,9.5,1.75
1138,10004183,10,20,2:00 PM,8,0,1:00 AM,22.33,8,9.67,3.165
1139,10009962,10,20,2:00 PM,8,0,1:00 AM,22.33,8,9.67,3.165
1140,10003441,9,15,2:00 PM,7,0,1:00 AM,21.25,7,9.75,2.125
1141,10004713,11,15,2:00 PM,9,0,1:00 AM,23.25,9,9.75,4.125
1142,10004825,10,0,2:00 PM,7,45,1:00 AM,22,7.75,9.75,2.875
1143,10005953,9,0,2:00 PM,6,45,1:00 AM,21,6.75,9.75,1.875
1144,10011091,8,0,2:00 PM,5,45,1:00 AM,20,5.75,9.75,0.875
1145,10002559,9,3,2:00 PM,7,0,1:00 AM,21.05,7,9.95,2.025
1146,10001593,10,10,2:00 PM,8,8,1:00 AM,22.17,8.13,9.97,3.15
1147,10000064,10,30,2:00 PM,8,30,1:00 AM,22.5,8.5,10,3.5
1148,10000094,8,30,2:00 PM,6,30,1:00 AM,20.5,6.5,10,1.5
1149,10000298,12,0,1:00 AM,10,0,1:00 AM,0,10,10,5
1150,10000497,10,0,2:00 PM,8,0,1:00 AM,22,8,10,3
1151,10000649,10,0,2:00 PM,8,0,1:00 AM,22,8,10,3
1152,10000700,11,0,2:00 PM,9,0,1:00 AM,23,9,10,4
1153,10000737,11,0,2:00 PM,9,0,1:00 AM,23,9,10,4
1154,10001006,8,0,2:00 PM,6,0,1:00 AM,20,6,10,1
1155,10001082,11,0,2:00 PM,9,0,1:00 AM,23,9,10,4
1156,10001200,11,0,2:00 PM,9,0,1:00 AM,23,9,10,4
1157,10001252,10,30,2:00 PM,8,30,1:00 AM,22.5,8.5,10,3.5
1158,10001260,1,0,1:00 AM,11,0,1:00 AM,1,11,10,6
1159,10001506,8,0,2:00 PM,6,0,1:00 AM,20,6,10,1
1160,10001696,11,30,2:00 PM,9,30,1:00 AM,23.5,9.5,10,4.5
1161,10001891,11,0,2:00 PM,9,0,1:00 AM,23,9,10,4
1162,10002199,12,0,1:00 AM,10,0,1:00 AM,0,10,10,5
1163,10002247,11,0,2:00 PM,9,0,1:00 AM,23,9,10,4
1164,10002265,9,30,2:00 PM,7,30,1:00 AM,21.5,7.5,10,2.5
1165,10002719,9,59,2:00 PM,7,59,1:00 AM,21.98,7.98,10,2.985
1166,10002825,9,0,2:00 PM,7,0,1:00 AM,21,7,10,2
1167,10002901,9,30,2:00 PM,7,30,1:00 AM,21.5,7.5,10,2.5
1168,10002957,9,0,2:00 PM,7,0,1:00 AM,21,7,10,2
1169,10002982,10,0,2:00 PM,8,0,1:00 AM,22,8,10,3
1170,10003073,10,0,2:00 PM,8,0,1:00 AM,22,8,10,3
1171,10003088,9,0,2:00 PM,7,0,1:00 AM,21,7,10,2
1172,10003184,8,0,2:00 PM,6,0,1:00 AM,20,6,10,1
1173,10003209,10,0,2:00 PM,8,0,1:00 AM,22,8,10,3
1174,10003252,10,0,2:00 PM,8,0,1:00 AM,22,8,10,3
1175,10003284,7,0,2:00 PM,5,0,1:00 AM,19,5,10,24
1176,10003301,8,0,2:00 PM,6,0,1:00 AM,20,6,10,1
1177,10003390,9,0,2:00 PM,7,0,1:00 AM,21,7,10,2
1178,10003505,9,0,2:00 PM,7,0,1:00 AM,21,7,10,2
1179,10003566,10,0,2:00 PM,8,0,1:00 AM,22,8,10,3
1180,10003620,11,0,2:00 PM,9,0,1:00 AM,23,9,10,4
1181,10003622,8,0,2:00 PM,6,0,1:00 AM,20,6,10,1
1182,10003681,10,30,2:00 PM,8,30,1:00 AM,22.5,8.5,10,3.5
1183,10003692,8,59,2:00 PM,6,59,1:00 AM,20.98,6.98,10,1.985
1184,10003866,10,0,2:00 PM,8,0,1:00 AM,22,8,10,3
1185,10003899,11,0,2:00 PM,9,0,1:00 AM,23,9,10,4
1186,10003913,9,0,2:00 PM,7,0,1:00 AM,21,7,10,2
1187,10003916,9,0,2:00 PM,7,0,1:00 AM,21,7,10,2
1188,10003987,10,0,2:00 PM,8,0,1:00 AM,22,8,10,3
1189,10003992,10,0,2:00 PM,8,0,1:00 AM,22,8,10,3
1190,10004037,10,0,2:00 PM,8,0,1:00 AM,22,8,10,3
1191,10004122,10,0,2:00 PM,8,0,1:00 AM,22,8,10,3
1192,10004276,9,59,2:00 PM,7,59,1:00 AM,21.98,7.98,10,2.985
1193,10004339,9,0,2:00 PM,7,0,1:00 AM,21,7,10,2
1194,10004387,7,0,2:00 PM,5,0,1:00 AM,19,5,10,24
1195,10004437,9,0,2:00 PM,7,0,1:00 AM,21,7,10,2
1196,10004566,9,0,2:00 PM,7,0,1:00 AM,21,7,10,2
1197,10004584,9,0,2:00 PM,7,0,1:00 AM,21,7,10,2
1198,10004589,9,0,2:00 PM,7,0,1:00 AM,21,7,10,2
1199,10004734,10,0,2:00 PM,8,0,1:00 AM,22,8,10,3
1200,10004925,9,0,2:00 PM,7,0,1:00 AM,21,7,10,2
1201,10005435,8,0,2:00 PM,6,0,1:00 AM,20,6,10,1
1202,10005533,8,0,2:00 PM,6,0,1:00 AM,20,6,10,1
1203,10005721,10,0,2:00 PM,8,0,1:00 AM,22,8,10,3
1204,10005861,11,0,2:00 PM,9,0,1:00 AM,23,9,10,4
1205,10006030,9,30,2:00 PM,7,30,1:00 AM,21.5,7.5,10,2.5
1206,10006222,9,0,2:00 PM,7,0,1:00 AM,21,7,10,2
1207,10006331,11,0,2:00 PM,9,0,1:00 AM,23,9,10,4
1208,10006376,12,0,2:00 PM,10,0,1:00 AM,24,10,10,5
1209,10006513,9,0,2:00 PM,7,0,1:00 AM,21,7,10,2
1210,10006541,9,0,2:00 PM,7,0,1:00 AM,21,7,10,2
1211,10006721,8,30,2:00 PM,6,30,1:00 AM,20.5,6.5,10,1.5
1212,10006905,10,0,2:00 PM,8,0,1:00 AM,22,8,10,3
1213,10006983,8,30,2:00 PM,6,30,1:00 AM,20.5,6.5,10,1.5
1214,10007103,11,0,2:00 PM,9,0,1:00 AM,23,9,10,4
1215,10007104,10,0,2:00 PM,8,0,1:00 AM,22,8,10,3
1216,10007223,9,0,2:00 PM,7,0,1:00 AM,21,7,10,2
1217,10007247,6,30,2:00 PM,4,30,1:00 AM,18.5,4.5,10,23.5
1218,10007473,10,30,2:00 PM,8,30,1:00 AM,22.5,8.5,10,3.5
1219,10007484,10,0,2:00 PM,8,0,1:00 AM,22,8,10,3
1220,10007569,9,0,2:00 PM,7,0,1:00 AM,21,7,10,2
1221,10007680,10,30,2:00 PM,8,30,1:00 AM,22.5,8.5,10,3.5
1222,10007742,9,0,2:00 PM,7,0,1:00 AM,21,7,10,2
1223,10007825,10,0,2:00 PM,8,0,1:00 AM,22,8,10,3
1224,10007877,3,0,1:00 AM,1,0,2:00 PM,3,13,10,8
1225,10008013,11,0,2:00 PM,9,0,1:00 AM,23,9,10,4
1226,10008278,12,0,1:00 AM,10,0,1:00 AM,0,10,10,5
1227,10008310,9,0,2:00 PM,7,0,1:00 AM,21,7,10,2
1228,10008620,9,0,2:00 PM,7,0,1:00 AM,21,7,10,2
1229,10008646,11,0,2:00 PM,9,0,1:00 AM,23,9,10,4
1230,10008917,12,0,1:00 AM,10,0,1:00 AM,0,10,10,5
1231,10008922,9,30,2:00 PM,7,30,1:00 AM,21.5,7.5,10,2.5
1232,10008998,10,30,2:00 PM,8,30,1:00 AM,22.5,8.5,10,3.5
1233,10009107,10,0,2:00 PM,8,0,1:00 AM,22,8,10,3
1234,10009128,9,0,2:00 PM,7,0,1:00 AM,21,7,10,2
1235,10009131,9,0,2:00 PM,7,0,1:00 AM,21,7,10,2
1236,10009325,10,0,2:00 PM,8,0,1:00 AM,22,8,10,3
1237,10009338,9,0,2:00 PM,7,0,1:00 AM,21,7,10,2
1238,10009378,8,30,2:00 PM,6,30,1:00 AM,20.5,6.5,10,1.5
1239,10009380,9,30,2:00 PM,7,30,1:00 AM,21.5,7.5,10,2.5
1240,10009398,8,0,2:00 PM,6,0,1:00 AM,20,6,10,1
1241,10009413,10,0,2:00 PM,8,0,1:00 AM,22,8,10,3
1242,10009420,10,30,2:00 PM,8,30,1:00 AM,22.5,8.5,10,3.5
1243,10009611,10,0,2:00 PM,8,0,1:00 AM,22,8,10,3
1244,10009706,10,30,2:00 PM,8,30,1:00 AM,22.5,8.5,10,3.5
1245,10009837,12,0,1:00 AM,10,0,1:00 AM,0,10,10,5
1246,10010052,9,0,2:00 PM,7,0,1:00 AM,21,7,10,2
1247,10010062,9,0,2:00 PM,7,0,1:00 AM,21,7,10,2
1248,10010069,10,0,2:00 PM,8,0,1:00 AM,22,8,10,3
1249,10010093,10,30,2:00 PM,8,30,1:00 AM,22.5,8.5,10,3.5
1250,10010204,10,0,2:00 PM,8,0,1:00 AM,22,8,10,3
1251,10010254,10,0,2:00 PM,8,0,1:00 AM,22,8,10,3
1252,10010286,9,0,2:00 PM,7,0,1:00 AM,21,7,10,2
1253,10010311,10,0,2:00 PM,8,0,1:00 AM,22,8,10,3
1254,10010412,9,0,2:00 PM,7,0,1:00 AM,21,7,10,2
1255,10010431,9,0,2:00 PM,7,0,1:00 AM,21,7,10,2
1256,10010446,10,0,2:00 PM,8,0,1:00 AM,22,8,10,3
1257,10010545,9,0,2:00 PM,7,0,1:00 AM,21,7,10,2
1258,10010592,9,30,2:00 PM,7,30,1:00 AM,21.5,7.5,10,2.5
1259,10010668,9,0,2:00 PM,7,0,1:00 AM,21,7,10,2
1260,10010736,8,0,2:00 PM,6,0,1:00 AM,20,6,10,1
1261,10010874,10,0,2:00 PM,8,0,1:00 AM,22,8,10,3
1262,10011173,10,0,2:00 PM,8,0,1:00 AM,22,8,10,3
1263,10011353,7,0,2:00 PM,5,0,1:00 AM,19,5,10,24
1264,10011408,8,30,2:00 PM,6,30,1:00 AM,20.5,6.5,10,1.5
1265,10011440,8,0,2:00 PM,6,0,1:00 AM,20,6,10,1
1266,10011452,10,0,2:00 PM,8,0,1:00 AM,22,8,10,3
1267,10011479,10,30,2:00 PM,8,30,1:00 AM,22.5,8.5,10,3.5
1268,10011545,9,0,2:00 PM,7,0,1:00 AM,21,7,10,2
1269,10011604,9,0,2:00 PM,7,0,1:00 AM,21,7,10,2
1270,10011659,10,0,2:00 PM,8,0,1:00 AM,22,8,10,3
1271,10011858,8,0,2:00 PM,6,0,1:00 AM,20,6,10,1
1272,10011934,9,0,2:00 PM,7,0,1:00 AM,21,7,10,2
1273,10011975,11,0,2:00 PM,9,0,1:00 AM,23,9,10,4
1274,10012049,2,0,1:00 AM,12,0,2:00 PM,2,12,10,7
1275,10012278,9,0,2:00 PM,7,0,1:00 AM,21,7,10,2
1276,10012337,11,0,2:00 PM,9,0,1:00 AM,23,9,10,4
1277,10012365,10,30,2:00 PM,8,30,1:00 AM,22.5,8.5,10,3.5
1278,10003666,8,59,2:00 PM,7,0,1:00 AM,20.98,7,10.02,1.99
1279,10001596,9,45,2:00 PM,8,0,1:00 AM,21.75,8,10.25,2.875
1280,10002200,10,10,2:00 PM,8,30,1:00 AM,22.17,8.5,10.33,3.335
1281,10004071,9,9,2:00 PM,7,30,1:00 AM,21.15,7.5,10.35,2.325
1282,10000043,8,30,2:00 PM,7,0,1:00 AM,20.5,7,10.5,1.75
1283,10000078,8,30,2:00 PM,7,0,1:00 AM,20.5,7,10.5,1.75
1284,10000452,11,30,2:00 PM,10,0,1:00 AM,23.5,10,10.5,4.75
1285,10000515,10,30,2:00 PM,9,0,1:00 AM,22.5,9,10.5,3.75
1286,10001015,10,30,2:00 PM,9,0,1:00 AM,22.5,9,10.5,3.75
1287,10001037,9,0,2:00 PM,7,30,1:00 AM,21,7.5,10.5,2.25
1288,10001311,7,30,2:00 PM,6,0,1:00 AM,19.5,6,10.5,0.75
1289,10001594,11,30,2:00 PM,10,0,1:00 AM,23.5,10,10.5,4.75
1290,10001765,9,0,2:00 PM,7,30,1:00 AM,21,7.5,10.5,2.25
1291,10002038,10,30,2:00 PM,9,0,1:00 AM,22.5,9,10.5,3.75
1292,10002386,10,0,2:00 PM,8,30,1:00 AM,22,8.5,10.5,3.25
1293,10002428,8,0,2:00 PM,6,30,1:00 AM,20,6.5,10.5,1.25
1294,10002513,9,0,2:00 PM,7,30,1:00 AM,21,7.5,10.5,2.25
1295,10002663,9,30,2:00 PM,8,0,1:00 AM,21.5,8,10.5,2.75
1296,10002734,10,0,2:00 PM,8,30,1:00 AM,22,8.5,10.5,3.25
1297,10002748,10,30,2:00 PM,9,0,1:00 AM,22.5,9,10.5,3.75
1298,10002877,7,30,2:00 PM,6,0,1:00 AM,19.5,6,10.5,0.75
1299,10003175,8,0,2:00 PM,6,30,1:00 AM,20,6.5,10.5,1.25
1300,10003386,10,30,2:00 PM,9,0,1:00 AM,22.5,9,10.5,3.75
1301,10003395,9,0,2:00 PM,7,30,1:00 AM,21,7.5,10.5,2.25
1302,10003555,9,30,2:00 PM,8,0,1:00 AM,21.5,8,10.5,2.75
1303,10004066,11,30,2:00 PM,10,0,1:00 AM,23.5,10,10.5,4.75
1304,10004931,10,30,2:00 PM,9,0,1:00 AM,22.5,9,10.5,3.75
1305,10005470,12,30,1:00 AM,11,0,1:00 AM,0.5,11,10.5,5.75
1306,10005726,9,30,2:00 PM,8,0,1:00 AM,21.5,8,10.5,2.75
1307,10005808,7,30,2:00 PM,6,0,1:00 AM,19.5,6,10.5,0.75
1308,10006186,8,0,2:00 PM,6,30,1:00 AM,20,6.5,10.5,1.25
1309,10006364,11,30,2:00 PM,10,0,1:00 AM,23.5,10,10.5,4.75
1310,10006674,7,0,2:00 PM,5,30,1:00 AM,19,5.5,10.5,0.25
1311,10006793,8,0,2:00 PM,6,30,1:00 AM,20,6.5,10.5,1.25
1312,10007531,10,0,2:00 PM,8,30,1:00 AM,22,8.5,10.5,3.25
1313,10007774,10,0,2:00 PM,8,30,1:00 AM,22,8.5,10.5,3.25
1314,10007887,9,0,2:00 PM,7,30,1:00 AM,21,7.5,10.5,2.25
1315,10008051,7,30,2:00 PM,6,0,1:00 AM,19.5,6,10.5,0.75
1316,10008147,10,0,2:00 PM,8,30,1:00 AM,22,8.5,10.5,3.25
1317,10008355,10,30,2:00 PM,9,0,1:00 AM,22.5,9,10.5,3.75
1318,10008386,11,30,2:00 PM,10,0,1:00 AM,23.5,10,10.5,4.75
1319,10008926,8,30,2:00 PM,7,0,1:00 AM,20.5,7,10.5,1.75
1320,10008928,8,30,2:00 PM,7,0,1:00 AM,20.5,7,10.5,1.75
1321,10009185,7,0,2:00 PM,5,30,1:00 AM,19,5.5,10.5,0.25
1322,10009186,10,0,2:00 PM,8,30,1:00 AM,22,8.5,10.5,3.25
1323,10009260,9,30,2:00 PM,8,0,1:00 AM,21.5,8,10.5,2.75
1324,10009438,7,0,2:00 PM,5,30,1:00 AM,19,5.5,10.5,0.25
1325,10009474,8,0,2:00 PM,6,30,1:00 AM,20,6.5,10.5,1.25
1326,10009609,9,30,2:00 PM,8,0,1:00 AM,21.5,8,10.5,2.75
1327,10009848,9,0,2:00 PM,7,30,1:00 AM,21,7.5,10.5,2.25
1328,10009855,9,0,2:00 PM,7,30,1:00 AM,21,7.5,10.5,2.25
1329,10010028,10,30,2:00 PM,9,0,1:00 AM,22.5,9,10.5,3.75
1330,10010139,8,30,2:00 PM,7,0,1:00 AM,20.5,7,10.5,1.75
1331,10011220,9,0,2:00 PM,7,30,1:00 AM,21,7.5,10.5,2.25
1332,10011291,8,30,2:00 PM,7,0,1:00 AM,20.5,7,10.5,1.75
1333,10011773,10,0,2:00 PM,8,30,1:00 AM,22,8.5,10.5,3.25
1334,10011825,8,30,2:00 PM,7,0,1:00 AM,20.5,7,10.5,1.75
1335,10012236,9,0,2:00 PM,7,30,1:00 AM,21,7.5,10.5,2.25
1336,10002362,10,10,2:00 PM,9,9,1:00 AM,22.17,9.15,10.98,3.66
1337,10000014,9,0,2:00 PM,8,0,1:00 AM,21,8,11,2.5
1338,10000527,8,0,2:00 PM,7,0,1:00 AM,20,7,11,1.5
1339,10000688,8,59,2:00 PM,7,59,1:00 AM,20.98,7.98,11,2.485
1340,10000928,9,0,2:00 PM,8,0,1:00 AM,21,8,11,2.5
1341,10000976,10,0,2:00 PM,9,0,1:00 AM,22,9,11,3.5
1342,10001026,9,30,2:00 PM,8,30,1:00 AM,21.5,8.5,11,3
1343,10001229,9,0,2:00 PM,8,0,1:00 AM,21,8,11,2.5
1344,10001333,10,0,2:00 PM,9,0,1:00 AM,22,9,11,3.5
1345,10001478,8,30,2:00 PM,7,30,1:00 AM,20.5,7.5,11,2
1346,10001548,7,0,2:00 PM,6,0,1:00 AM,19,6,11,0.5
1347,10001638,8,30,2:00 PM,7,30,1:00 AM,20.5,7.5,11,2
1348,10002166,8,0,2:00 PM,7,0,1:00 AM,20,7,11,1.5
1349,10002333,8,0,2:00 PM,7,0,1:00 AM,20,7,11,1.5
1350,10002653,10,0,2:00 PM,9,0,1:00 AM,22,9,11,3.5
1351,10002834,10,0,2:00 PM,9,0,1:00 AM,22,9,11,3.5
1352,10003656,10,0,2:00 PM,9,0,1:00 AM,22,9,11,3.5
1353,10003661,7,30,2:00 PM,6,30,1:00 AM,19.5,6.5,11,1
1354,10004127,11,0,2:00 PM,10,0,1:00 AM,23,10,11,4.5
1355,10004198,11,0,2:00 PM,10,0,1:00 AM,23,10,11,4.5
1356,10004747,8,0,2:00 PM,7,0,1:00 AM,20,7,11,1.5
1357,10005561,9,0,2:00 PM,8,0,1:00 AM,21,8,11,2.5
1358,10005655,8,0,2:00 PM,7,0,1:00 AM,20,7,11,1.5
1359,10005834,11,0,2:00 PM,10,0,1:00 AM,23,10,11,4.5
1360,10006453,9,0,2:00 PM,8,0,1:00 AM,21,8,11,2.5
1361,10006634,9,0,2:00 PM,8,0,1:00 AM,21,8,11,2.5
1362,10006694,8,0,2:00 PM,7,0,1:00 AM,20,7,11,1.5
1363,10006711,9,0,2:00 PM,8,0,1:00 AM,21,8,11,2.5
1364,10007077,9,0,2:00 PM,8,0,1:00 AM,21,8,11,2.5
1365,10007126,10,0,2:00 PM,9,0,1:00 AM,22,9,11,3.5
1366,10007610,8,0,2:00 PM,7,0,1:00 AM,20,7,11,1.5
1367,10007693,8,0,2:00 PM,7,0,1:00 AM,20,7,11,1.5
1368,10008219,8,0,2:00 PM,7,0,1:00 AM,20,7,11,1.5
1369,10008284,10,0,2:00 PM,9,0,1:00 AM,22,9,11,3.5
1370,10008464,8,0,2:00 PM,7,0,1:00 AM,20,7,11,1.5
1371,10008518,8,0,2:00 PM,7,0,1:00 AM,20,7,11,1.5
1372,10008559,9,0,2:00 PM,8,0,1:00 AM,21,8,11,2.5
1373,10008603,10,0,2:00 PM,9,0,1:00 AM,22,9,11,3.5
1374,10009056,8,0,2:00 PM,7,0,1:00 AM,20,7,11,1.5
1375,10009085,8,0,2:00 PM,7,0,1:00 AM,20,7,11,1.5
1376,10009444,7,0,2:00 PM,6,0,1:00 AM,19,6,11,0.5
1377,10009566,8,0,2:00 PM,7,0,1:00 AM,20,7,11,1.5
1378,10009577,9,45,2:00 PM,8,45,1:00 AM,21.75,8.75,11,3.25
1379,10009936,8,30,2:00 PM,7,30,1:00 AM,20.5,7.5,11,2
1380,10010778,11,0,2:00 PM,10,0,1:00 AM,23,10,11,4.5
1381,10010849,10,0,2:00 PM,9,0,1:00 AM,22,9,11,3.5
1382,10010973,10,0,2:00 PM,9,0,1:00 AM,22,9,11,3.5
1383,10011636,11,0,2:00 PM,10,0,1:00 AM,23,10,11,4.5
1384,10011693,10,0,2:00 PM,9,0,1:00 AM,22,9,11,3.5
1385,10011745,9,0,2:00 PM,8,0,1:00 AM,21,8,11,2.5
1386,10011935,6,0,2:00 PM,5,0,1:00 AM,18,5,11,23.5
1387,10012103,11,0,2:00 PM,10,0,1:00 AM,23,10,11,4.5
1388,10001097,8,30,2:00 PM,7,45,1:00 AM,20.5,7.75,11.25,2.125
1389,10001830,8,45,2:00 PM,8,0,1:00 AM,20.75,8,11.25,2.375
1390,10000207,11,0,2:00 PM,10,30,1:00 AM,23,10.5,11.5,4.75
1391,10001584,11,0,2:00 PM,10,30,1:00 AM,23,10.5,11.5,4.75
1392,10001857,9,30,2:00 PM,9,0,1:00 AM,21.5,9,11.5,3.25
1393,10001997,7,0,2:00 PM,6,30,1:00 AM,19,6.5,11.5,0.75
1394,10002882,8,0,2:00 PM,7,30,1:00 AM,20,7.5,11.5,1.75
1395,10002907,11,30,2:00 PM,11,0,1:00 AM,23.5,11,11.5,5.25
1396,10003745,7,30,2:00 PM,7,0,1:00 AM,19.5,7,11.5,1.25
1397,10004835,10,0,2:00 PM,9,30,1:00 AM,22,9.5,11.5,3.75
1398,10005279,11,0,2:00 PM,10,30,1:00 AM,23,10.5,11.5,4.75
1399,10007070,10,30,2:00 PM,10,0,1:00 AM,22.5,10,11.5,4.25
1400,10007208,8,0,2:00 PM,7,30,1:00 AM,20,7.5,11.5,1.75
1401,10008267,9,0,2:00 PM,8,30,1:00 AM,21,8.5,11.5,2.75
1402,10009410,7,30,2:00 PM,7,0,1:00 AM,19.5,7,11.5,1.25
1403,10009525,8,0,2:00 PM,7,30,1:00 AM,20,7.5,11.5,1.75
1404,10009703,9,30,2:00 PM,9,0,1:00 AM,21.5,9,11.5,3.25
1405,10010500,8,30,2:00 PM,8,0,1:00 AM,20.5,8,11.5,2.25
1406,10010764,10,30,2:00 PM,10,0,1:00 AM,22.5,10,11.5,4.25
1407,10011222,9,30,2:00 PM,9,0,1:00 AM,21.5,9,11.5,3.25
1408,10012041,9,30,2:00 PM,9,0,1:00 AM,21.5,9,11.5,3.25
1409,10009578,10,10,2:00 PM,10,0,1:00 AM,22.17,10,11.83,4.085
1410,10000095,8,0,2:00 PM,8,0,1:00 AM,20,8,12,2
1411,10000124,9,0,2:00 PM,9,0,1:00 AM,21,9,12,3
1412,10000573,9,30,2:00 PM,9,30,1:00 AM,21.5,9.5,12,3.5
1413,10000631,11,30,2:00 PM,11,30,1:00 AM,23.5,11.5,12,5.5
1414,10001205,8,30,2:00 PM,8,30,1:00 AM,20.5,8.5,12,2.5
1415,10001959,11,0,2:00 PM,11,0,1:00 AM,23,11,12,5
1416,10002121,9,30,2:00 PM,9,30,1:00 AM,21.5,9.5,12,3.5
1417,10002168,6,30,2:00 PM,6,30,1:00 AM,18.5,6.5,12,0.5
1418,10002990,9,0,2:00 PM,9,0,1:00 AM,21,9,12,3
1419,10003244,8,0,2:00 PM,8,0,1:00 AM,20,8,12,2
1420,10003492,7,0,2:00 PM,7,0,1:00 AM,19,7,12,1
1421,10003501,9,0,2:00 PM,9,0,1:00 AM,21,9,12,3
1422,10004516,10,0,2:00 PM,10,0,1:00 AM,22,10,12,4
1423,10005714,7,0,2:00 PM,7,0,1:00 AM,19,7,12,1
1424,10007641,7,0,2:00 PM,7,0,1:00 AM,19,7,12,1
1425,10008213,9,0,2:00 PM,9,0,1:00 AM,21,9,12,3
1426,10008255,9,0,2:00 PM,9,0,1:00 AM,21,9,12,3
1427,10008290,5,0,2:00 PM,5,0,1:00 AM,17,5,12,23
1428,10008805,8,0,2:00 PM,8,0,1:00 AM,20,8,12,2
1429,10010102,9,0,2:00 PM,9,0,1:00 AM,21,9,12,3
1430,10010208,7,0,2:00 PM,7,0,1:00 AM,19,7,12,1
1431,10010242,7,7,2:00 PM,7,7,1:00 AM,19.12,7.12,12,1.115
1432,10010253,8,0,2:00 PM,8,0,1:00 AM,20,8,12,2
1433,10010403,8,0,2:00 PM,8,0,1:00 AM,20,8,12,2
1434,10010666,11,0,2:00 PM,11,0,1:00 AM,23,11,12,5
1435,10011521,9,30,2:00 PM,9,30,1:00 AM,21.5,9.5,12,3.5
1436,10011795,7,0,2:00 PM,7,0,1:00 AM,19,7,12,1
1437,10011944,10,0,2:00 PM,10,0,1:00 AM,22,10,12,4
1438,10012071,5,0,1:00 AM,5,0,2:00 PM,5,17,12,11
1439,10012092,10,30,2:00 PM,10,30,1:00 AM,22.5,10.5,12,4.5
1440,10012329,10,0,2:00 PM,10,0,1:00 AM,22,10,12,4
1441,10012381,8,0,2:00 PM,8,0,1:00 AM,20,8,12,2
1442,10000582,6,30,2:00 PM,7,0,1:00 AM,18.5,7,12.5,0.75
1443,10001566,10,0,2:00 PM,10,30,1:00 AM,22,10.5,12.5,4.25
1444,10001799,7,30,2:00 PM,8,0,1:00 AM,19.5,8,12.5,1.75
1445,10001937,10,0,2:00 PM,10,30,1:00 AM,22,10.5,12.5,4.25
1446,10004612,10,0,2:00 PM,10,30,1:00 AM,22,10.5,12.5,4.25
1447,10005334,6,30,2:00 PM,7,0,1:00 AM,18.5,7,12.5,0.75
1448,10007341,8,30,2:00 PM,9,0,1:00 AM,20.5,9,12.5,2.75
1449,10008126,8,30,2:00 PM,9,0,1:00 AM,20.5,9,12.5,2.75
1450,10009782,8,0,2:00 PM,8,30,1:00 AM,20,8.5,12.5,2.25
1451,10011445,9,30,2:00 PM,10,0,1:00 AM,21.5,10,12.5,3.75
1452,10011632,11,0,2:00 PM,11,30,1:00 AM,23,11.5,12.5,5.25
1453,10012108,10,0,2:00 PM,10,30,1:00 AM,22,10.5,12.5,4.25
1454,10003101,10,15,2:00 PM,11,0,1:00 AM,22.25,11,12.75,4.625
1455,10000435,7,0,2:00 PM,8,0,1:00 AM,19,8,13,1.5
1456,10002053,11,0,2:00 PM,12,0,2:00 PM,23,12,13,5.5
1457,10003143,11,0,2:00 PM,12,0,2:00 PM,23,12,13,5.5
1458,10005199,8,0,2:00 PM,9,0,1:00 AM,20,9,13,2.5
1459,10005928,9,0,2:00 PM,10,0,1:00 AM,21,10,13,3.5
1460,10006292,8,0,2:00 PM,9,0,1:00 AM,20,9,13,2.5
1461,10008522,4,0,2:00 PM,5,0,1:00 AM,16,5,13,22.5
1462,10008800,8,0,2:00 PM,9,0,1:00 AM,20,9,13,2.5
1463,10009572,9,0,2:00 PM,10,0,1:00 AM,21,10,13,3.5
1464,10009765,8,30,2:00 PM,9,30,1:00 AM,20.5,9.5,13,3
1465,10010180,8,0,2:00 PM,9,0,1:00 AM,20,9,13,2.5
1466,10010623,8,0,2:00 PM,9,0,1:00 AM,20,9,13,2.5
1467,10011048,7,0,2:00 PM,8,0,1:00 AM,19,8,13,1.5
1468,10000274,8,0,2:00 PM,9,30,1:00 AM,20,9.5,13.5,2.75
1469,10001217,8,30,2:00 PM,10,0,1:00 AM,20.5,10,13.5,3.25
1470,10003570,6,30,2:00 PM,8,0,1:00 AM,18.5,8,13.5,1.25
1471,10005737,9,0,2:00 PM,10,30,1:00 AM,21,10.5,13.5,3.75
1472,10005971,6,0,2:00 PM,7,30,1:00 AM,18,7.5,13.5,0.75
1473,10009728,7,0,2:00 PM,8,30,1:00 AM,19,8.5,13.5,1.75
1474,10000665,5,0,2:00 PM,7,0,1:00 AM,17,7,14,24
1475,10001157,9,0,2:00 PM,11,0,1:00 AM,21,11,14,4
1476,10002580,4,0,2:00 PM,6,0,1:00 AM,16,6,14,23
1477,10002588,9,30,2:00 PM,11,30,1:00 AM,21.5,11.5,14,4.5
1478,10003329,7,0,2:00 PM,9,0,1:00 AM,19,9,14,2
1479,10005982,9,0,2:00 PM,11,0,1:00 AM,21,11,14,4
1480,10006185,8,0,2:00 PM,10,0,1:00 AM,20,10,14,3
1481,10009979,9,0,2:00 PM,11,0,1:00 AM,21,11,14,4
1482,10005013,4,0,2:00 PM,6,30,1:00 AM,16,6.5,14.5,23.25
1483,10005811,8,0,2:00 PM,10,30,1:00 AM,20,10.5,14.5,3.25
1484,10003474,9,0,2:00 PM,12,0,2:00 PM,21,12,15,4.5
1485,10003816,7,0,2:00 PM,10,0,1:00 AM,19,10,15,2.5
1486,10003974,9,0,2:00 PM,12,0,2:00 PM,21,12,15,4.5
1487,10010969,8,30,2:00 PM,12,0,2:00 PM,20.5,12,15.5,4.25
1488,10007202,4,0,2:00 PM,8,0,1:00 AM,16,8,16,24
1489,10011524,1,11,2:00 PM,6,0,1:00 AM,13.18,6,16.82,21.59
1490,10008507,1,30,2:00 PM,7,15,1:00 AM,13.5,7.25,17.75,22.375
1491,10000881,2,0,2:00 PM,10,0,1:00 AM,14,10,20,24